Avg_Mass,Avg_Radius,Avg_EN,Avg_IE,Avg_Valence,Max_Radius,Min_Radius,Range_Radius,Ratio_Radius,Range_EN,Lattice_Distortion_Angle,Lattice_Anisotropy,Density,Vol_Per_Atom,SpaceGroup_Number,TM_Fraction,Num_Elements,Bandgap,Predicted_FE_Prob
33.62560372439769,1.510135267084136,1.910022803903729,11.112784610320894,3.1227478661995876,1.902192719230412,0.8109738722070801,0.7325678667376097,2.7241989642010895,2.615467535689193,0.2610252033307745,1.0084592021750591,4.22267516523388,3.113233123089003,6,0.3644060126125961,3,1.698930483572735,0.99997854
32.316620172788554,1.4836328934316494,1.9416802200998067,10.954152199221273,3.4889821060741175,1.86262340799086,0.8124172634851279,0.6834195812346675,2.7241989642010895,2.5834023206932595,0.2610252033307745,1.0593837678531544,4.139031534522797,3.113233123089003,5,0.3594478592268426,3,1.5434389965672555,0.99997854
36.53152476462167,1.4727800980555121,2.4605664828789884,10.954152199221273,3.5641099436772317,1.8811804237630891,0.8203790019186082,0.7278616624556751,2.6139711901184866,2.5914642669445302,0.2610252033307745,1.0600047049588808,4.198084965797675,6.051980063233767,4,0.33831006617494025,3,1.8156628387440206,0.99997854
29.61602663906858,1.4685191920805063,2.397276103880201,11.017145418562675,3.646224156550632,1.7780741236071305,0.8248466292906439,0.7278616624556751,2.557374735472433,2.5751629894068753,0.2610252033307745,1.0593837678531544,4.120328051033186,3.113233123089003,4,0.38557541338797685,3,1.698930483572735,0.99997854
29.662726161824114,1.4727800980555121,2.4484284172030546,10.954152199221273,3.4245808469298176,1.86262340799086,0.8248466292906439,0.7325678667376097,2.7241989642010895,2.3885474305484826,0.2610252033307745,1.0593837678531544,4.22267516523388,3.113233123089003,6,0.38557541338797685,3,1.5434389965672555,0.99997854
29.61602663906858,1.4660773657064459,2.0115729451025426,11.046192238640925,3.3132437518102056,1.8236006685277752,0.7783588054430356,0.7372409857152401,2.1088454739016402,2.615467535689193,0.2610252033307745,1.0084592021750591,4.324376372571993,-8.9802761007353,5,0.34332201008950214,3,1.596617324703684,0.99997854
29.61602663906858,1.4373885473817007,2.387971629233854,11.046192238640925,3.4245808469298176,1.8652732059746304,0.8203790019186082,0.6682666926812282,2.7241989642010895,2.4602282081405455,0.2610252033307745,1.0134971506169426,4.22267516523388,3.113233123089003,5,0.3594478592268426,3,1.5434389965672555,0.99997854
33.62560372439769,1.4737430347369713,2.397276103880201,11.046192238640925,3.1227478661995876,1.86262340799086,0.8109738722070801,0.7325678667376097,2.7241989642010895,2.6110404054289007,0.4969931816621198,1.0084592021750591,4.198084965797675,3.113233123089003,4,0.3594478592268426,3,1.5434389965672555,0.99997854
36.53152476462167,1.4845065408170068,2.397276103880201,11.112784610320894,3.257802350446914,1.8811804237630891,0.8264926102174472,0.7325678667376097,1.8995056584998915,2.615467535689193,0.2610252033307745,1.0593837678531544,4.1118152438676185,-4.6263775053414875,4,0.348415923159611,3,1.698930483572735,0.99997854
24.381833485583957,1.5169609065556575,1.9509153868442546,10.954152199221273,3.363698005655454,1.79366276632365,0.7590825990868864,0.7278616624556751,2.6107567070760447,2.58264312634636,0.2610252033307745,1.0593837678531544,4.259305563057267,6.013679063509478,5,0.3545486508935245,3,1.698930483572735,0.99997854
36.53152476462167,1.4815056500385038,2.0614243752042443,10.950161255538934,3.169766587069629,1.86262340799086,0.7680160869417942,0.7496441915809151,2.1088454739016402,2.6066218091980953,0.2610252033307745,1.0593837678531544,3.9288795329245314,3.113233123089003,6,0.31200260834873883,3,1.5259813986917372,0.99997854
36.53152476462167,1.4789947148561295,1.938459938171853,10.605400134361954,3.3155090254793453,1.797864904523027,0.7590825990868864,0.7278616624556751,2.5116693119248987,2.5834023206932595,0.2610252033307745,1.0600047049588808,4.156608506053441,4.486094395494931,6,0.3594478592268426,3,1.698930483572735,0.99997854
32.654046095238456,1.48348879676748,1.9535213344643783,10.59103149849408,3.257802350446914,1.7780741236071305,0.8228095373173699,0.6521661194935583,2.742703181933804,2.615467535689193,0.2610252033307745,1.0054989364623133,4.300340032735922,3.113233123089003,5,0.3330331503070948,3,1.7875241668294823,0.99997854
36.53152476462167,1.510135267084136,2.397276103880201,10.954152199221273,3.257802350446914,1.8811804237630891,0.8130975831318106,0.7278616624556751,2.4227089787300486,2.5914642669445302,0.2610252033307745,1.0084592021750591,4.120328051033186,3.113233123089003,6,0.34711519954691233,3,1.6636965310810332,0.99997854
35.583258355305354,1.4815056500385038,2.003176535452616,11.017145418562675,3.493760155085657,1.8811804237630891,0.7590825990868864,0.7278616624556751,2.1088454739016402,2.575755903013884,0.2610252033307745,1.0593837678531544,4.120328051033186,-4.6263775053414875,4,0.3594478592268426,3,1.698930483572735,0.99997854
29.61602663906858,1.496962438645642,2.0082761819751433,11.046192238640925,3.363698005655454,1.86262340799086,0.8271742200867332,0.7278616624556751,2.1088454739016402,2.494587562421274,0.2610252033307745,1.0600047049588808,4.198084965797675,6.051980063233767,5,0.3407365281655521,3,1.698930483572735,0.99997854
31.477033711045493,1.4789947148561295,2.397276103880201,11.07344592174681,3.363698005655454,1.8811804237630891,0.7590825990868864,0.5814804499862433,2.089093453847641,2.5596181284599497,0.2610252033307745,1.0593837678531544,4.207252757492138,3.113233123089003,4,0.3594478592268426,3,1.7465834199330854,0.99997854
36.21555861880907,1.4938518362931354,1.9509153868442546,10.966705513758088,3.257802350446914,1.86262340799086,0.7590825990868864,0.7325678667376097,2.62877183451289,2.5649639278218532,0.2610252033307745,1.0593837678531544,3.899683931077371,4.486094395494931,5,0.3545486508935245,3,1.698930483572735,0.99997854
35.583258355305354,1.4815056500385038,2.003176535452616,10.954152199221273,3.3132437518102056,1.86262340799086,0.7590825990868864,0.7325678667376097,2.1088454739016402,2.575755903013884,0.2610252033307745,1.0600047049588808,4.120328051033186,-4.6263775053414875,5,0.3446060319039555,3,1.698930483572735,0.99997854
29.61602663906858,1.4836328934316494,2.397276103880201,10.954152199221273,3.257802350446914,1.807110017699536,0.7590825990868864,0.6665290842176506,2.1088454739016402,2.5981024726174096,0.2610252033307745,1.0593837678531544,4.24607113711735,3.113233123089003,5,0.3594478592268426,3,1.7875241668294823,0.99997854
29.61602663906858,1.4685191920805063,2.397276103880201,10.816887449504549,3.646224156550632,1.7780741236071305,0.8248466292906439,0.7278616624556751,2.1088454739016402,2.5751629894068753,0.2610252033307745,1.0084592021750591,4.120328051033186,3.113233123089003,6,0.38557541338797685,3,1.698930483572735,0.99997854
36.53152476462167,1.48348879676748,1.9488500563618887,10.954152199221273,3.257802350446914,1.86262340799086,0.8631513996507514,0.6703059995347531,2.6139711901184866,2.5751629894068753,0.2610252033307745,1.0600047049588808,4.198084965797675,5.258380326213594,5,0.3402064285891841,3,1.698930483572735,0.99997854
31.477033711045493,1.4727800980555121,2.397276103880201,10.954152199221273,3.361943239287199,1.8236006685277752,0.7853844047070375,0.704960492450648,2.1088454739016402,2.5914642669445302,0.2610252033307745,1.0084592021750591,4.198084965797675,3.113233123089003,5,0.3451832446403806,3,1.8156628387440206,0.99997854
32.316620172788554,1.4836328934316494,1.9416802200998067,10.954152199221273,3.257802350446914,1.897676046655051,0.8124172634851279,0.6834195812346675,2.550846833578249,2.5834023206932595,0.6281113617146303,1.0593837678531544,4.091283310827363,3.113233123089003,5,0.3594478592268426,3,1.6594911041305063,0.99997854
44.446993070663055,1.4938518362931354,1.9416802200998067,10.966705513758088,3.257802350446914,1.8682026918945598,0.7590825990868864,0.7278616624556751,2.7241989642010895,2.5914642669445302,0.2610252033307745,1.07382075853,4.120328051033186,-4.6263775053414875,4,0.3446060319039555,3,1.6370138454650347,0.99997854
29.61602663906858,1.4836328934316494,1.9416802200998067,10.954152199221273,3.361943239287199,1.9205719790423217,0.7783588054430356,0.7372409857152401,2.550846833578249,2.5834023206932595,0.6281113617146303,1.0593837678531544,4.139031534522797,-0.1530897818367798,5,0.3472846143944541,3,1.6594911041305063,0.99997854
36.53152476462167,1.4815056500385038,1.910022803903729,10.954152199221273,3.140632458817642,1.86262340799086,0.8136586474590243,0.7496441915809151,2.7241989642010895,2.5369913963421276,0.2610252033307745,1.0593837678531544,4.22267516523388,3.113233123089003,6,0.3874119354728065,3,1.5259813986917372,0.99997854
44.446993070663055,1.4836328934316494,1.9416802200998067,11.017145418562675,3.493760155085657,1.8811804237630891,0.8109738722070801,0.6891407160841302,2.7241989642010895,2.461625004646867,0.2610252033307745,1.0084592021750591,4.120328051033186,6.051980063233767,4,0.3594478592268426,3,1.698930483572735,0.99997854
36.53152476462167,1.4960783791035879,1.9416802200998067,10.954152199221273,3.257802350446914,1.8811804237630891,0.7532005344306684,0.7496441915809151,2.7241989642010895,2.5914642669445302,0.2610252033307745,1.1019955673336792,3.9288795329245314,3.113233123089003,6,0.34711519954691233,3,1.4808048941797758,0.99997854
32.654046095238456,1.48348879676748,2.397276103880201,10.59103149849408,3.363698005655454,1.7780741236071305,0.8228095373173699,0.7278616624556751,2.742703181933804,2.58264312634636,0.2610252033307745,1.0054989364623133,4.198084965797675,3.113233123089003,6,0.3603109270869672,3,1.7465834199330854,0.99997854
34.78999095684752,1.4727800980555121,1.9569200395717212,10.954152199221273,3.4109702394884946,1.7620373004125514,0.8203790019186082,0.7325678667376097,2.6139711901184866,2.615467535689193,0.2610252033307745,1.0129985416615512,4.120328051033186,3.127264817703743,6,0.38030479453007726,3,1.8156628387440206,0.99997854
36.53152476462167,1.4815056500385038,1.9416802200998067,10.954152199221273,3.257802350446914,1.79366276632365,0.8631513996507514,0.6703059995347531,2.089093453847641,2.5751629894068753,0.2610252033307745,1.0593837678531544,3.9288795329245314,3.113233123089003,5,0.38030479453007726,3,1.5259813986917372,0.99997854
36.53152476462167,1.4727800980555121,1.9747318541420633,10.954152199221273,3.194720753326048,1.86262340799086,0.7532005344306684,0.6891407160841302,2.6139711901184866,2.5369913963421276,0.2610252033307745,1.0600047049588808,4.198084965797675,6.051980063233767,5,0.34711519954691233,3,1.5434389965672555,0.99997854
29.662726161824114,1.510135267084136,2.4484284172030546,10.816887449504549,3.646224156550632,1.86262340799086,0.8248466292906439,0.7278616624556751,2.7241989642010895,2.5369913963421276,0.2610252033307745,1.0084592021750591,4.120328051033186,3.113233123089003,6,0.38557541338797685,3,1.5434389965672555,0.99997854
32.654046095238456,1.4727800980555121,1.9416802200998067,10.954152199221273,3.361943239287199,1.8811804237630891,0.7532005344306684,0.7201880755815616,2.1088454739016402,2.5914642669445302,0.2610252033307745,1.0084592021750591,4.11992931279638,3.113233123089003,4,0.38030479453007726,3,1.4808048941797758,0.99997854
32.654046095238456,1.4815056500385038,1.9416802200998067,11.312804842857199,3.257802350446914,1.79366276632365,0.8203790019186082,0.7278616624556751,2.6139711901184866,2.5914642669445302,0.2610252033307745,1.0084592021750591,4.11992931279638,3.113233123089003,6,0.38030479453007726,3,1.5259813986917372,0.99997854
29.61602663906858,1.510135267084136,2.405370294022892,11.074666115560712,3.646224156550632,1.9324299176668833,0.8248466292906439,0.7278616624556751,2.1088454739016402,2.5751629894068753,0.2610252033307745,1.0084592021750591,4.149180713582141,1.0661559953213455,6,0.344271816849508,3,1.698930483572735,0.99997854
32.316620172788554,1.4836328934316494,1.9416802200998067,10.813219290625488,3.257802350446914,1.897676046655051,0.7680160869417942,0.6698186300206573,2.550846833578249,2.615467535689193,0.6281113617146303,1.0084592021750591,4.164385370708748,-1.1944709119365768,5,0.3594478592268426,3,1.6594911041305063,0.99997854
36.53152476462167,1.4619676484983164,2.0115729451025426,10.63573266060596,3.257802350446914,1.897676046655051,0.7853844047070375,0.7325678667376097,2.5116693119248987,2.5834023206932595,0.2610252033307745,1.0883161819106317,4.198084965797675,5.141820131981113,5,0.34207491996933687,3,1.698930483572735,0.99997854
35.583258355305354,1.48348879676748,1.9488500563618887,10.954152199221273,3.3132437518102056,1.86262340799086,0.8631513996507514,0.7325678667376097,2.089093453847641,2.5751629894068753,0.2610252033307745,1.0600047049588808,4.120328051033186,5.258380326213594,5,0.3446060319039555,3,1.633915414090929,0.99997854
36.53152476462167,1.4727800980555121,1.9416802200998067,10.954152199221273,3.257802350446914,1.79366276632365,0.7680160869417942,0.7496441915809151,2.1088454739016402,2.6066218091980953,0.2610252033307745,1.0600047049588808,4.131668653986011,-5.024254901285538,6,0.38030479453007726,3,1.8156628387440206,0.99997854
34.70081609822084,1.4815056500385038,1.8993122029207683,11.18001191413399,3.257802350446914,1.897676046655051,0.8124172634851279,0.7278616624556751,2.62877183451289,2.502599042573421,0.6281113617146303,1.0593837678531544,4.091283310827363,3.113233123089003,5,0.3545486508935245,3,1.698930483572735,0.99997854
34.78999095684752,1.454934715971146,1.9416802200998067,10.59103149849408,3.522990458692769,1.7620373004125514,0.8190136371017247,0.7325678667376097,2.562881462798048,2.615467535689193,0.2610252033307745,1.0593837678531544,4.120328051033186,-0.1305476719513905,5,0.38030479453007726,3,1.8156628387440206,0.99997854
24.381833485583957,1.4836328934316494,2.397276103880201,11.116797450690795,3.493760155085657,1.8811804237630891,0.8114863473770153,0.734454396557325,2.4227089787300486,2.5914642669445302,0.6281113617146303,1.0593837678531544,4.120328051033186,3.113233123089003,4,0.3725087653540606,3,1.7875241668294823,0.99997854
36.53152476462167,1.4727800980555121,2.397276103880201,10.954152199221273,3.5235880852494184,1.8811804237630891,0.8248466292906439,0.7278616624556751,2.1088454739016402,2.5914642669445302,0.2610252033307745,1.0600047049588808,4.198084965797675,3.113233123089003,4,0.38030479453007726,3,1.8156628387440206,0.99997854
29.61602663906858,1.4727800980555121,2.397276103880201,10.954152199221273,3.363698005655454,1.9324299176668833,0.8248466292906439,0.689577517525749,2.2765992228595646,2.4433683441545373,0.2610252033307745,1.0084592021750591,4.198084965797675,8.418328134842332,4,0.39472352745499295,3,1.8156628387440206,0.99997854
34.78999095684752,1.4847098484206387,1.9416802200998067,10.954152199221273,3.4109702394884946,1.7620373004125514,0.8190136371017247,0.7325678667376097,2.6449032820144343,2.5834023206932595,0.6281113617146303,1.0593837678531544,4.120328051033186,3.113233123089003,5,0.3594478592268426,3,1.6594911041305063,0.99997854
29.61602663906858,1.4660773657064459,1.9285301255795329,11.046192238640925,3.361943239287199,1.8236006685277752,0.7853844047070375,0.7325678667376097,2.2765992228595646,2.562378191972057,0.2610252033307745,1.0084592021750591,4.120328051033186,3.113233123089003,5,0.3472846143944541,3,1.698930483572735,0.99997854
29.597443738172093,1.48348879676748,2.397276103880201,10.954152199221273,3.5235880852494184,1.86262340799086,0.7590825990868864,0.7325678667376097,2.1088454739016402,2.575755903013884,0.2610252033307745,1.0593837678531544,4.198084965797675,3.113233123089003,5,0.3594478592268426,3,1.698930483572735,0.99997854
36.53152476462167,1.4836328934316494,2.397276103880201,10.954152199221273,3.257802350446914,1.897676046655051,0.7680160869417942,0.6698186300206573,2.550846833578249,2.5834023206932595,0.2610252033307745,1.0600047049588808,4.131668653986011,3.113233123089003,5,0.3654829133195159,3,1.8156628387440206,0.99997854
36.53152476462167,1.4727800980555121,2.397276103880201,10.771363434125481,3.4109702394884946,1.8811804237630891,0.8351000622099025,0.7278616624556751,2.1088454739016402,2.5914642669445302,0.2610252033307745,1.0600047049588808,4.198084965797675,-0.1305476719513905,4,0.38030479453007726,3,1.8156628387440206,0.99997854
32.654046095238456,1.48348879676748,2.397276103880201,10.59103149849408,3.257802350446914,1.7780741236071305,0.8228095373173699,0.6521661194935583,2.742703181933804,2.615467535689193,0.2610252033307745,1.0054989364623133,4.300340032735922,3.113233123089003,5,0.3603109270869672,3,1.7875241668294823,0.99997854
38.83567036048743,1.454934715971146,2.397276103880201,10.59103149849408,3.522990458692769,1.79366276632365,0.8534802343836675,0.7496441915809151,2.562881462798048,2.5751629894068753,0.2610252033307745,1.0593837678531544,4.300340032735922,5.258380326213594,5,0.38030479453007726,3,1.698930483572735,0.99997854
24.381833485583957,1.4789947148561295,1.9488500563618887,10.954152199221273,3.363698005655454,1.797864904523027,0.7590825990868864,0.5814804499862433,2.089093453847641,2.5596181284599497,0.2610252033307745,1.0600047049588808,4.156608506053441,3.113233123089003,5,0.3594478592268426,3,1.7465834199330854,0.99997854
32.316620172788554,1.4836328934316494,1.9416802200998067,10.954152199221273,3.4889821060741175,1.897676046655051,0.8124172634851279,0.6834195812346675,2.1088454739016402,2.5834023206932595,0.2610252033307745,1.0593837678531544,4.139031534522797,3.113233123089003,5,0.3594478592268426,3,1.6594911041305063,0.99997854
33.62560372439769,1.510135267084136,1.910022803903729,11.046192238640925,3.1227478661995876,1.86262340799086,0.8109738722070801,0.6891407160841302,2.7241989642010895,2.5369913963421276,0.2610252033307745,1.0084592021750591,4.22267516523388,3.113233123089003,6,0.3594478592268426,3,1.5434389965672555,0.99997854
29.662726161824114,1.510135267084136,2.4484284172030546,11.046192238640925,3.4245808469298176,1.86262340799086,0.8248466292906439,0.6891407160841302,2.7241989642010895,2.5369913963421276,0.2610252033307745,1.0084592021750591,4.22267516523388,3.113233123089003,6,0.38557541338797685,3,1.5434389965672555,0.99997854
29.61602663906858,1.510135267084136,2.0082761819751433,11.074666115560712,3.363698005655454,1.9324299176668833,0.8271742200867332,0.7278616624556751,2.7241989642010895,2.615467535689193,0.2610252033307745,1.0084592021750591,4.149180713582141,1.0661559953213455,6,0.344271816849508,3,1.698930483572735,0.99997854
47.577313822770215,1.4737430347369713,1.9162914359122767,11.08398432715301,3.257802350446914,1.897676046655051,0.8124172634851279,0.6834195812346675,2.1088454739016402,2.615467535689193,0.2610252033307745,1.0593837678531544,4.198084965797675,3.113233123089003,6,0.3594478592268426,3,1.698930483572735,0.99997854
32.316620172788554,1.4836328934316494,1.9416802200998067,10.954152199221273,3.257802350446914,1.897676046655051,0.7680160869417942,0.6698186300206573,2.550846833578249,2.5834023206932595,0.6281113617146303,1.0593837678531544,4.131668653986011,-1.1944709119365768,5,0.3594478592268426,3,1.6594911041305063,0.99997854
36.21555861880907,1.4815056500385038,1.9509153868442546,11.18001191413399,3.3751486602949172,1.79366276632365,0.8534802343836675,0.7278616624556751,2.62877183451289,2.502599042573421,0.2610252033307745,1.0593837678531544,3.899683931077371,4.486094395494931,5,0.3545486508935245,3,1.698930483572735,0.99997854
32.654046095238456,1.4293889193272669,1.9416802200998067,11.017145418562675,3.257802350446914,1.79366276632365,0.8203790019186082,0.7325678667376097,2.6139711901184866,2.615467535689193,0.2610252033307745,1.0084592021750591,4.120328051033186,6.051980063233767,5,0.3594478592268426,3,1.5259813986917372,0.99997854
44.76465534422661,1.4660773657064459,1.9416802200998067,11.116797450690795,3.257802350446914,1.79366276632365,0.8264926102174472,0.7372409857152401,2.6792946739695127,2.615467535689193,0.2610252033307745,1.0593837678531544,3.929121627766386,1.0661559953213455,5,0.38030479453007726,3,1.5233556393385002,0.99997854
35.583258355305354,1.4660773657064459,2.0082761819751433,11.046192238640925,3.3132437518102056,1.9324299176668833,0.8271742200867332,0.7278616624556751,2.007149375009472,2.575755903013884,0.2610252033307745,1.0084592021750591,4.120328051033186,6.058841082414766,5,0.34332201008950214,3,1.698930483572735,0.99997854
34.78999095684752,1.4727800980555121,1.9416802200998067,10.954152199221273,3.4109702394884946,1.7620373004125514,0.8190136371017247,0.7325678667376097,2.6139711901184866,2.615467535689193,0.2610252033307745,1.0593837678531544,4.120328051033186,-0.1305476719513905,6,0.38030479453007726,3,1.8156628387440206,0.99997854
32.654046095238456,1.4815056500385038,1.9569200395717212,10.954152199221273,3.257802350446914,1.7620373004125514,0.8203790019186082,0.7325678667376097,2.6139711901184866,2.5981024726174096,0.2610252033307745,1.0593837678531544,4.120328051033186,3.113233123089003,5,0.34711519954691233,3,1.7875241668294823,0.99997854
32.316620172788554,1.4847098484206387,1.9416802200998067,10.954152199221273,3.257802350446914,1.897676046655051,0.8124172634851279,0.7325678667376097,2.6136829825707393,2.5834023206932595,0.6281113617146303,1.0600047049588808,4.091283310827363,3.113233123089003,5,0.3594478592268426,3,1.6594911041305063,0.99997854
33.62560372439769,1.510135267084136,2.425131450334426,11.046192238640925,3.4245808469298176,1.86262340799086,0.7532005344306684,0.6891407160841302,2.7241989642010895,2.5369913963421276,0.2610252033307745,1.0084592021750591,4.22267516523388,3.113233123089003,6,0.34711519954691233,3,1.5434389965672555,0.99997854
36.53152476462167,1.4727800980555121,1.9747318541420633,10.954152199221273,3.257802350446914,1.86262340799086,0.8203790019186082,0.7278616624556751,2.6139711901184866,2.615467535689193,0.2610252033307745,1.0600047049588808,4.198084965797675,6.051980063233767,5,0.34711519954691233,3,1.698930483572735,0.99997854
36.53152476462167,1.4845065408170068,1.9416802200998067,10.954152199221273,3.257802350446914,1.8811804237630891,0.8165508978191984,0.7278616624556751,2.562881462798048,2.5914642669445302,0.2610252033307745,1.0593837678531544,4.198084965797675,-4.6263775053414875,4,0.348415923159611,3,1.4730206179492977,0.99997854
29.61602663906858,1.4836328934316494,1.9416802200998067,10.954152199221273,3.361943239287199,1.897676046655051,0.7783588054430356,0.7372409857152401,2.550846833578249,2.577358281950299,0.2610252033307745,1.0593837678531544,4.139031534522797,-0.1530897818367798,5,0.3472846143944541,3,1.6594911041305063,0.99997854
29.61602663906858,1.4373885473817007,2.387971629233854,11.017145418562675,3.257802350446914,1.86262340799086,0.8203790019186082,0.6682666926812282,2.1274018244795534,2.4602282081405455,0.2610252033307745,1.0084592021750591,4.120328051033186,6.051980063233767,5,0.3594478592268426,3,1.5259813986917372,0.99997854
37.776653442075826,1.4727800980555121,2.397276103880201,10.942610424774799,3.257802350446914,1.897676046655051,0.7680160869417942,0.7195784601184606,2.1088454739016402,2.5914642669445302,0.2610252033307745,1.0600047049588808,4.131668653986011,-5.024254901285538,5,0.38030479453007726,3,1.8156628387440206,0.99997854
29.61602663906858,1.510135267084136,2.397276103880201,10.954152199221273,3.361943239287199,1.7802967048358767,0.7532005344306684,0.7372409857152401,2.7241989642010895,2.615467535689193,0.2610252033307745,1.0084592021750591,4.11992931279638,3.113233123089003,6,0.34711519954691233,3,1.4808048941797758,0.99997854
31.477033711045493,1.4727800980555121,2.397276103880201,10.954152199221273,3.361943239287199,1.8811804237630891,0.8138955681104577,0.7201880755815616,2.1088454739016402,2.5914642669445302,0.2610252033307745,1.0593837678531544,4.198084965797675,3.113233123089003,4,0.38030479453007726,3,1.8156628387440206,0.99997854
47.577313822770215,1.4737430347369713,2.397276103880201,11.112784610320894,3.558259021220743,1.86262340799086,0.8264926102174472,0.7325678667376097,1.8995056584998915,2.615467535689193,0.2610252033307745,1.0084592021750591,4.198084965797675,3.113233123089003,4,0.38030479453007726,3,1.698930483572735,0.99997854
44.446993070663055,1.4836328934316494,1.9416802200998067,11.017145418562675,3.493760155085657,1.8811804237630891,0.8248466292906439,0.7278616624556751,2.6170345803807993,2.461625004646867,0.2610252033307745,1.0593837678531544,4.120328051033186,6.051980063233767,4,0.3594478592268426,3,1.698930483572735,0.99997854
33.62560372439769,1.4727800980555121,2.425131450334426,11.046192238640925,3.363698005655454,1.9324299176668833,0.8057130065131158,0.689577517525749,2.7241989642010895,2.4433683441545373,0.2610252033307745,1.0084592021750591,4.198084965797675,8.418328134842332,4,0.39472352745499295,3,1.8156628387440206,0.99997854
24.381833485583957,1.5169609065556575,1.9488500563618887,10.954152199221273,3.363698005655454,1.8811804237630891,0.7590825990868864,0.7278616624556751,2.6107567070760447,2.58264312634636,0.2610252033307745,1.0593837678531544,4.198084965797675,3.113233123089003,6,0.3323038266176679,3,1.7465834199330854,0.99997854
32.654046095238456,1.48348879676748,1.9488500563618887,10.954152199221273,3.257802350446914,1.8692153684556696,0.8631513996507514,0.6703059995347531,2.089093453847641,2.5751629894068753,0.2610252033307745,1.0600047049588808,4.156608506053441,5.258380326213594,5,0.34192568564295855,3,1.633915414090929,0.99997854
36.53152476462167,1.499856923208964,2.0115729451025426,10.950161255538934,3.257802350446914,1.86262340799086,0.7680160869417942,0.7325678667376097,2.1088454739016402,2.6066218091980953,0.2610252033307745,1.0593837678531544,3.9288795329245314,3.113233123089003,5,0.32128831627188786,3,1.4730206179492977,0.99997854
36.53152476462167,1.4836328934316494,2.397276103880201,10.954152199221273,3.257802350446914,1.8811804237630891,0.8114863473770153,0.7278616624556751,2.4227089787300486,2.5914642669445302,0.6281113617146303,1.0593837678531544,4.120328051033186,3.113233123089003,4,0.36194867481764714,3,1.7875241668294823,0.99997854
24.381833485583957,1.4307771492094419,1.9416802200998067,11.116797450690795,3.493760155085657,1.797864904523027,0.8264926102174472,0.7372409857152401,2.6107567070760447,2.615467535689193,0.2610252033307745,1.0593837678531544,3.9649003101917186,3.113233123089003,5,0.34711519954691233,3,1.5233556393385002,0.99997854
29.61602663906858,1.4660773657064459,2.0115729451025426,11.114412047322737,3.522990458692769,1.8236006685277752,0.7783588054430356,0.7372409857152401,2.1088454739016402,2.615467535689193,0.2610252033307745,1.0593837678531544,4.139031534522797,-0.1530897818367798,5,0.3293420921209869,3,1.5660598594629758,0.99997854
35.583258355305354,1.499856923208964,2.0115729451025426,10.663260686186765,3.257802350446914,1.9324299176668833,0.7853844047070375,0.7325678667376097,2.1088454739016402,2.575755903013884,0.2610252033307745,1.0593837678531544,4.198084965797675,6.051980063233767,5,0.3438639977338746,3,1.698930483572735,0.99997854
32.654046095238456,1.510135267084136,1.9416802200998067,10.954152199221273,3.257802350446914,1.8811804237630891,0.7532005344306684,0.7278616624556751,2.7241989642010895,2.5914642669445302,0.2610252033307745,1.0084592021750591,4.11992931279638,3.113233123089003,6,0.34711519954691233,3,1.4808048941797758,0.99997854
29.61602663906858,1.4660773657064459,2.0082761819751433,11.046192238640925,3.363698005655454,1.9324299176668833,0.8271742200867332,0.7325678667376097,2.1088454739016402,2.494587562421274,0.2610252033307745,1.0600047049588808,4.149180713582141,1.0661559953213455,5,0.3407365281655521,3,1.698930483572735,0.99997854
36.53152476462167,1.4619676484983164,2.397276103880201,10.954152199221273,3.363698005655454,1.897676046655051,0.7680160869417942,0.7278616624556751,2.5116693119248987,2.5834023206932595,0.2610252033307745,1.0600047049588808,4.131668653986011,4.486094395494931,5,0.3594478592268426,3,1.698930483572735,0.99997854
36.53152476462167,1.4815056500385038,1.9416802200998067,10.954152199221273,3.257802350446914,1.79366276632365,0.8203790019186082,0.7496441915809151,2.6139711901184866,2.6066218091980953,0.2610252033307745,1.0593837678531544,3.9288795329245314,3.113233123089003,6,0.38030479453007726,3,1.5259813986917372,0.99997854
44.446993070663055,1.4938518362931354,1.9416802200998067,10.966705513758088,3.257802350446914,1.86262340799086,0.7590825990868864,0.7325678667376097,2.7241989642010895,2.5649639278218532,0.2610252033307745,1.07382075853,4.0314841176508995,-4.6263775053414875,5,0.3446060319039555,3,1.698930483572735,0.99997854
35.583258355305354,1.499856923208964,2.0082761819751433,11.046192238640925,3.257802350446914,1.9324299176668833,0.8271742200867332,0.6785313955613923,2.1088454739016402,2.575755903013884,0.2610252033307745,1.0084592021750591,4.120328051033186,6.051980063233767,5,0.3438639977338746,3,1.698930483572735,0.99997854
24.381833485583957,1.5169609065556575,1.9488500563618887,10.954152199221273,3.363698005655454,1.800687190960096,0.7590825990868864,0.7278616624556751,2.6107567070760447,2.58264312634636,0.2610252033307745,1.0593837678531544,4.198084965797675,3.113233123089003,6,0.3323038266176679,3,1.698930483572735,0.99997854
37.776653442075826,1.4727800980555121,2.397276103880201,10.771363434125481,3.4109702394884946,1.8811804237630891,0.8351000622099025,0.7278616624556751,2.1088454739016402,2.5914642669445302,0.2610252033307745,1.0600047049588808,4.131668653986011,-0.1305476719513905,5,0.38030479453007726,3,1.8156628387440206,0.99997854
33.62560372439769,1.499856923208964,2.0115729451025426,10.950161255538934,3.257802350446914,1.86262340799086,0.7680160869417942,0.7325678667376097,2.1088454739016402,2.6066218091980953,0.2610252033307745,1.0593837678531544,3.9935197912276728,8.418328134842332,4,0.32128831627188786,3,1.4730206179492977,0.99997854
33.62560372439769,1.4815056500385038,1.9509153868442546,11.18001191413399,3.3751486602949172,1.86262340799086,0.8109738722070801,0.7278616624556751,2.7241989642010895,2.502599042573421,0.2610252033307745,1.0084592021750591,3.899683931077371,0.4402854649918524,5,0.3545486508935245,3,1.698930483572735,0.99997854
24.381833485583957,1.4727800980555121,1.9416802200998067,10.954152199221273,3.4109702394884946,1.8811804237630891,0.8190136371017247,0.7325678667376097,2.6139711901184866,2.58264312634636,0.2610252033307745,1.0593837678531544,4.120328051033186,-0.1305476719513905,6,0.3323038266176679,3,1.7465834199330854,0.99997854
32.316620172788554,1.4836328934316494,1.9416802200998067,10.954152199221273,3.257802350446914,1.897676046655051,0.7680160869417942,0.6698186300206573,2.550846833578249,2.5834023206932595,0.6281113617146303,1.0600047049588808,4.091283310827363,-1.1944709119365768,5,0.3594478592268426,3,1.6594911041305063,0.99997854
30.206218732963077,1.4727800980555121,1.9816104293989398,10.954152199221273,3.257802350446914,1.8811804237630891,0.7532005344306684,0.7278616624556751,2.6139711901184866,2.615467535689193,0.2610252033307745,1.0600047049588808,4.11992931279638,6.051980063233767,6,0.34711519954691233,3,1.4808048941797758,0.99997854
36.53152476462167,1.4293889193272669,1.9416802200998067,10.954152199221273,3.257802350446914,1.8811804237630891,0.8165508978191984,0.7325678667376097,2.6139711901184866,2.615467535689193,0.2610252033307745,1.0593837678531544,4.120328051033186,6.051980063233767,4,0.3374620764049861,3,1.5259813986917372,0.99997854
32.654046095238456,1.4293889193272669,2.397276103880201,10.954152199221273,3.257802350446914,1.8811804237630891,0.8203790019186082,0.7325678667376097,2.1088454739016402,2.5914642669445302,0.2610252033307745,1.0084592021750591,4.120328051033186,6.051980063233767,5,0.3594478592268426,3,1.5259813986917372,0.99997854
24.381833485583957,1.5169609065556575,1.9488500563618887,11.08398432715301,3.257802350446914,1.8857256998774987,0.7590825990868864,0.7278616624556751,2.6107567070760447,2.615467535689193,0.2610252033307745,1.0593837678531544,4.198084965797675,3.113233123089003,6,0.3323038266176679,3,1.7465834199330854,0.99997854
36.53152476462167,1.4727800980555121,2.387971629233854,10.540302846421366,3.4109702394884946,1.8811804237630891,0.8203790019186082,0.6682666926812282,2.1088454739016402,2.5914642669445302,0.2610252033307745,1.0600047049588808,4.198084965797675,5.164158939708088,4,0.38030479453007726,3,1.5259813986917372,0.99997854
32.316620172788554,1.4836328934316494,1.9416802200998067,10.954152199221273,3.257802350446914,1.897676046655051,0.8271742200867332,0.7496441915809151,2.550846833578249,2.615467535689193,0.2610252033307745,1.0593837678531544,4.131668653986011,1.0661559953213455,5,0.38030479453007726,3,1.6594911041305063,0.99997854
24.381833485583957,1.502911787884114,2.397276103880201,10.954152199221273,3.345712194699444,1.876877285790208,0.7590825990868864,0.7278616624556751,2.225911667245348,2.5596181284599497,0.2610252033307745,1.0600047049588808,4.198084965797675,3.113233123089003,4,0.38030479453007726,3,1.8156628387440206,0.99997854
35.583258355305354,1.4660773657064459,1.9488500563618887,10.954152199221273,3.3132437518102056,1.8734556094304602,0.7590825990868864,0.5814804499862433,2.089093453847641,2.5596181284599497,0.2610252033307745,1.0600047049588808,4.120328051033186,3.113233123089003,5,0.3594478592268426,3,1.7732516896846464,0.99997854
36.53152476462167,1.4815056500385038,1.9569200395717212,10.954152199221273,3.257802350446914,1.79366276632365,0.8203790019186082,0.7325678667376097,2.6139711901184866,2.6066218091980953,0.2610252033307745,1.0593837678531544,4.120328051033186,3.113233123089003,6,0.34711519954691233,3,1.7875241668294823,0.99997854
33.24392669977487,1.4836328934316494,1.9416802200998067,10.954152199221273,3.363698005655454,1.9024114790315918,0.8271742200867332,0.7325678667376097,2.1088454739016402,2.494587562421274,0.6281113617146303,1.0600047049588808,4.149180713582141,1.0661559953213455,5,0.3407365281655521,3,1.698930483572735,0.99997854
32.316620172788554,1.4727800980555121,1.9416802200998067,10.954152199221273,3.257802350446914,1.7620373004125514,0.8124172634851279,0.7325678667376097,2.6139711901184866,2.5834023206932595,0.6281113617146303,1.0593837678531544,4.120328051033186,3.113233123089003,6,0.38030479453007726,3,1.6594911041305063,0.99997854
32.654046095238456,1.501457201537034,2.0082761819751433,10.954152199221273,3.257802350446914,1.8692153684556696,0.8271742200867332,0.6703059995347531,2.089093453847641,2.5751629894068753,0.2610252033307745,1.0600047049588808,4.156608506053441,5.258380326213594,5,0.34192568564295855,3,1.633915414090929,0.99997854
33.62560372439769,1.510135267084136,1.9416802200998067,11.046192238640925,3.0816915734372343,1.8948461172687208,0.8109738722070801,0.6891407160841302,2.6136829825707393,2.5369913963421276,0.2610252033307745,1.0084592021750591,4.22267516523388,3.113233123089003,5,0.3594478592268426,3,1.5434389965672555,0.99997854
24.381833485583957,1.4727800980555121,2.397276103880201,10.942610424774799,3.257802350446914,1.8811804237630891,0.7888042815689836,0.7195784601184606,2.1088454739016402,2.58264312634636,0.2610252033307745,1.0593837678531544,4.131668653986011,-5.024254901285538,6,0.38030479453007726,3,1.8156628387440206,0.99997854
32.654046095238456,1.499856923208964,2.0115729451025426,11.017145418562675,3.088786845440147,1.9324299176668833,0.8133307312649442,0.7325678667376097,2.6139711901184866,2.575755903013884,0.2610252033307745,1.0593837678531544,4.198084965797675,6.051980063233767,5,0.3594478592268426,3,1.698930483572735,0.99997854
44.446993070663055,1.4660773657064459,1.9416802200998067,10.966705513758088,3.363698005655454,1.86262340799086,0.7590825990868864,0.7325678667376097,2.7241989642010895,2.5649639278218532,0.2610252033307745,1.07382075853,4.149180713582141,-4.6263775053414875,5,0.3446060319039555,3,1.698930483572735,0.99997854
34.46916155620485,1.4990825818951934,2.4169290156027987,10.816887449504549,3.646224156550632,1.9324299176668833,0.8248466292906439,0.689577517525749,2.7241989642010895,2.3881501379414942,0.2610252033307745,1.0084592021750591,4.120328051033186,8.418328134842332,4,0.38557541338797685,3,1.698930483572735,0.99997854
35.583258355305354,1.4902229504379982,2.0115729451025426,11.017145418562675,3.257802350446914,1.9324299176668833,0.7853844047070375,0.7325678667376097,2.1088454739016402,2.575755903013884,0.2610252033307745,1.0593837678531544,4.198084965797675,6.051980063233767,5,0.3594478592268426,3,1.698930483572735,0.99997854
24.381833485583957,1.510135267084136,1.9488500563618887,10.954152199221273,3.4429420759063447,1.8755361223031484,0.7532005344306684,0.6891407160841302,2.7241989642010895,2.5596181284599497,0.2610252033307745,1.0084592021750591,4.156608506053441,3.113233123089003,5,0.34711519954691233,3,1.5434389965672555,0.99997854
29.61602663906858,1.48348879676748,2.397276103880201,10.954152199221273,3.363698005655454,1.7780741236071305,0.8228095373173699,0.689577517525749,2.2765992228595646,2.615467535689193,0.2610252033307745,1.0084592021750591,4.198084965797675,8.418328134842332,4,0.39472352745499295,3,1.8156628387440206,0.99997854
29.61602663906858,1.4660773657064459,2.0082761819751433,10.663260686186765,3.363698005655454,1.8925413473780528,0.8271742200867332,0.7325678667376097,2.1088454739016402,2.575755903013884,0.2610252033307745,1.0600047049588808,4.149180713582141,6.234766698034505,5,0.3438639977338746,3,1.698930483572735,0.99997854
35.583258355305354,1.4727800980555121,2.0115729451025426,11.046192238640925,3.257802350446914,1.9324299176668833,0.8057130065131158,0.689577517525749,2.1088454739016402,2.575755903013884,0.2610252033307745,1.0084592021750591,4.198084965797675,8.418328134842332,5,0.4043650154079051,3,1.8156628387440206,0.99997854
47.577313822770215,1.5169609065556575,1.9488500563618887,10.954152199221273,3.558259021220743,1.8811804237630891,0.8264926102174472,0.7278616624556751,1.8995056584998915,2.58264312634636,0.2610252033307745,1.0593837678531544,4.198084965797675,3.113233123089003,6,0.38030479453007726,3,1.7465834199330854,0.99997854
32.316620172788554,1.510135267084136,1.910022803903729,10.954152199221273,3.1227478661995876,1.86262340799086,0.8109738722070801,0.6760043352998943,2.7241989642010895,2.5834023206932595,0.2610252033307745,1.0593837678531544,4.603526845707166,3.113233123089003,6,0.3594478592268426,3,1.5434389965672555,0.99997854
33.91811670347201,1.4685191920805063,2.397276103880201,10.954152199221273,3.927331603170529,1.79366276632365,0.8165986354909277,0.7278616624556751,2.1088454739016402,2.5751629894068753,0.2610252033307745,1.0084592021750591,4.120328051033186,1.0661559953213455,5,0.38030479453007726,3,1.698930483572735,0.99997854
29.61602663906858,1.4373885473817007,2.387971629233854,11.074666115560712,3.363698005655454,1.86262340799086,0.8271742200867332,0.7278616624556751,2.1274018244795534,2.4602282081405455,0.2610252033307745,1.0084592021750591,4.120328051033186,6.051980063233767,6,0.344271816849508,3,1.698930483572735,0.99997854
32.316620172788554,1.4836328934316494,1.9416802200998067,10.954152199221273,3.257802350446914,1.8811804237630891,0.8103799168265048,0.6834195812346675,2.550846833578249,2.5914642669445302,0.6281113617146303,1.0593837678531544,4.198067453790948,3.113233123089003,4,0.348415923159611,3,1.6594911041305063,0.99997854
38.83567036048743,1.454934715971146,2.397276103880201,11.017145418562675,3.522990458692769,1.79366276632365,0.8534802343836675,0.7496441915809151,2.562881462798048,2.5751629894068753,0.2610252033307745,1.0084592021750591,4.300340032735922,12.44113292201262,5,0.38030479453007726,3,1.698930483572735,0.99997854
29.61602663906858,1.4660773657064459,1.9285301255795329,11.046192238640925,3.361943239287199,1.8236006685277752,0.8109738722070801,0.7272799212559272,2.2765992228595646,2.5369913963421276,0.2610252033307745,1.0084592021750591,4.120328051033186,3.113233123089003,5,0.3594478592268426,3,1.698930483572735,0.99997854
29.61602663906858,1.4847098484206387,1.9416802200998067,11.152312370695102,3.431885600096659,1.897676046655051,0.8124172634851279,0.7325678667376097,2.1088454739016402,2.5834023206932595,0.6281113617146303,1.0593837678531544,4.091283310827363,3.113233123089003,5,0.3293420921209869,3,1.5660598594629758,0.99997854
29.61602663906858,1.4685191920805063,2.0115729451025426,11.114412047322737,3.522990458692769,1.8236006685277752,0.7783588054430356,0.7278616624556751,2.1088454739016402,2.5751629894068753,0.2610252033307745,1.0593837678531544,4.120328051033186,-0.1530897818367798,6,0.3293420921209869,3,1.5591750111919842,0.99997854
36.53152476462167,1.4373885473817007,2.417605216491954,11.017145418562675,3.257802350446914,1.86262340799086,0.8114863473770153,0.6682666926812282,2.4227089787300486,2.4602282081405455,0.6281113617146303,1.0084592021750591,4.120328051033186,3.113233123089003,4,0.36194867481764714,3,1.5259813986917372,0.99997854
32.316620172788554,1.4836328934316494,1.9416802200998067,10.954152199221273,3.257802350446914,1.897676046655051,0.7783588054430356,0.6834195812346675,2.550846833578249,2.577358281950299,0.2610252033307745,1.0591153183132809,4.139031534522797,-0.1530897818367798,5,0.3572456923816638,3,1.6594911041305063,0.99997854
32.654046095238456,1.48348879676748,2.387971629233854,10.954152199221273,3.257802350446914,1.86262340799086,0.8203790019186082,0.6703059995347531,2.1274018244795534,2.5751629894068753,0.2610252033307745,1.0084592021750591,4.120328051033186,5.258380326213594,5,0.3483453078867381,3,1.633915414090929,0.99997854
44.76465534422661,1.4660773657064459,1.955446242651993,10.954152199221273,3.2701334983943116,1.79366276632365,0.8631513996507514,0.7372409857152401,2.6792946739695127,2.615467535689193,0.2610252033307745,1.0593837678531544,4.156608506053441,1.0661559953213455,5,0.34192568564295855,3,1.633915414090929,0.99997854
35.583258355305354,1.48348879676748,2.397276103880201,10.954152199221273,3.295117008244512,1.86262340799086,0.7590825990868864,0.7325678667376097,2.1088454739016402,2.575755903013884,0.2610252033307745,1.0600047049588808,4.198084965797675,-4.6263775053414875,5,0.3594478592268426,3,1.698930483572735,0.99997854
29.662726161824114,1.510135267084136,1.9416802200998067,11.046192238640925,3.4245808469298176,1.86262340799086,0.7680160869417942,0.6891407160841302,2.7241989642010895,2.5834023206932595,0.6281113617146303,1.0084592021750591,4.131668653986011,3.113233123089003,5,0.38557541338797685,3,1.5434389965672555,0.99997854
44.446993070663055,1.454934715971146,1.9416802200998067,10.954152199221273,3.257802350446914,1.79366276632365,0.8271742200867332,0.7278616624556751,2.562881462798048,2.615467535689193,0.2610252033307745,1.0374924569646726,4.120328051033186,4.709866873572764,5,0.38030479453007726,3,1.698930483572735,0.99997854
36.53152476462167,1.4727800980555121,2.0115729451025426,10.954152199221273,3.257802350446914,1.8236006685277752,0.8203790019186082,0.7278616624556751,2.6139711901184866,2.615467535689193,0.2610252033307745,1.0600047049588808,4.139031534522797,-0.1530897818367798,5,0.3293420921209869,3,1.5660598594629758,0.99997854
29.61602663906858,1.510135267084136,2.397276103880201,10.954152199221273,3.363698005655454,1.8811804237630891,0.7590825990868864,0.7278616624556751,2.6107567070760447,2.58264312634636,0.2610252033307745,1.0593837678531544,4.198084965797675,3.113233123089003,6,0.34711519954691233,3,1.726542298684378,0.99997854
36.53152476462167,1.4727800980555121,1.9747318541420633,11.200655857115633,3.257802350446914,1.86262340799086,0.8203790019186082,0.7372409857152401,2.6792946739695127,2.615467535689193,0.2610252033307745,1.0593837678531544,3.929121627766386,1.0661559953213455,5,0.38030479453007726,3,1.698930483572735,0.99997854
36.53152476462167,1.454934715971146,2.397276103880201,10.954152199221273,3.257802350446914,1.79366276632365,0.8271742200867332,0.7496441915809151,2.562881462798048,2.615467535689193,0.2610252033307745,1.0374924569646726,4.149180713582141,1.0661559953213455,5,0.38030479453007726,3,1.698930483572735,0.99997854
37.84882685016962,1.4373885473817007,2.387971629233854,10.954152199221273,3.4109702394884946,1.86262340799086,0.8203790019186082,0.7325678667376097,2.1274018244795534,2.4602282081405455,0.2610252033307745,1.0593837678531544,4.120328051033186,6.051980063233767,5,0.38030479453007726,3,1.5259813986917372,0.99997854
36.53152476462167,1.510135267084136,1.9416802200998067,11.046192238640925,3.257802350446914,1.86262340799086,0.7532005344306684,0.7496441915809151,2.6139711901184866,2.5369913963421276,0.2610252033307745,1.0084592021750591,3.9288795329245314,3.113233123089003,6,0.34711519954691233,3,1.5259813986917372,0.99997854
36.53152476462167,1.4727800980555121,2.397276103880201,10.675338051103942,3.4109702394884946,1.897676046655051,0.8351000622099025,0.7278616624556751,2.1088454739016402,2.5914642669445302,0.2610252033307745,1.0600047049588808,4.198084965797675,-0.1305476719513905,4,0.3594478592268426,3,1.8156628387440206,0.99997854
36.53152476462167,1.4660773657064459,1.9416802200998067,11.116797450690795,3.257802350446914,1.79366276632365,0.8271742200867332,0.7496441915809151,2.562881462798048,2.615467535689193,0.2610252033307745,1.0374924569646726,3.929121627766386,1.0661559953213455,5,0.38030479453007726,3,1.5233556393385002,0.99997854
29.662726161824114,1.510135267084136,2.408373314820014,11.046192238640925,3.4245808469298176,1.86262340799086,0.7680160869417942,0.6698186300206573,2.550846833578249,2.5834023206932595,0.2610252033307745,1.0084592021750591,4.131668653986011,3.113233123089003,6,0.37543120148104436,3,1.8156628387440206,0.99997854
29.61602663906858,1.4836328934316494,2.0082761819751433,11.263720641437997,3.361943239287199,1.9324299176668833,0.8271742200867332,0.7325678667376097,2.1088454739016402,2.577358281950299,0.2610252033307745,1.0600047049588808,4.139031534522797,1.0661559953213455,5,0.3243384383001309,3,1.6652292214609155,0.99997854
29.61602663906858,1.510135267084136,2.397276103880201,10.675854159379238,3.646224156550632,1.86262340799086,0.8248466292906439,0.7278616624556751,2.7241989642010895,2.5369913963421276,0.2610252033307745,1.0084592021750591,4.3377699829530325,3.113233123089003,6,0.38557541338797685,3,1.698930483572735,0.99997854
29.61602663906858,1.4836328934316494,1.9954752199235783,10.954152199221273,3.361943239287199,1.897676046655051,0.7783588054430356,0.7372409857152401,2.1088454739016402,2.577358281950299,0.2610252033307745,1.0593837678531544,4.24607113711735,3.113233123089003,5,0.3594478592268426,3,1.6594911041305063,0.99997854
36.53152476462167,1.4845065408170068,1.9416802200998067,10.954152199221273,3.257802350446914,1.79366276632365,0.8203790019186082,0.7278616624556751,2.562881462798048,2.5914642669445302,0.2610252033307745,1.0593837678531544,3.9288795329245314,3.113233123089003,6,0.348415923159611,3,1.4730206179492977,0.99997854
35.583258355305354,1.468919251814174,2.397276103880201,11.046192238640925,3.3132437518102056,1.7780741236071305,0.8248466292906439,0.7278616624556751,2.1088454739016402,2.575755903013884,0.2610252033307745,1.0084592021750591,4.120328051033186,3.113233123089003,6,0.34332201008950214,3,1.698930483572735,0.99997854
29.61602663906858,1.4815056500385038,1.9509153868442546,11.114412047322737,3.522990458692769,1.8801615345203015,0.7783588054430356,0.7372409857152401,2.62877183451289,2.502599042573421,0.2610252033307745,1.0593837678531544,3.899683931077371,-0.1530897818367798,5,0.3545486508935245,3,1.698930483572735,0.99997854
38.83567036048743,1.499856923208964,2.397276103880201,10.663260686186765,3.257802350446914,1.9324299176668833,0.7853844047070375,0.7325678667376097,2.1088454739016402,2.6083622761681213,0.2610252033307745,1.0593837678531544,4.198084965797675,6.051980063233767,5,0.3438639977338746,3,1.698930483572735,0.99997854
32.654046095238456,1.48348879676748,1.9488500563618887,10.954152199221273,3.257802350446914,1.7620373004125514,0.8631513996507514,0.6703059995347531,2.089093453847641,2.5751629894068753,0.2610252033307745,1.0600047049588808,4.120328051033186,-0.1305476719513905,6,0.34192568564295855,3,1.633915414090929,0.99997854
44.76465534422661,1.4660773657064459,1.9416802200998067,11.112784610320894,3.257802350446914,1.9580301605596673,0.8264926102174472,0.7325678667376097,1.8995056584998915,2.5732082127198703,0.2610252033307745,1.0593837678531544,4.198084965797675,3.113233123089003,4,0.38030479453007726,3,1.698930483572735,0.99997854
25.523475875961967,1.4789947148561295,1.9488500563618887,11.063123865205652,3.363698005655454,1.9324299176668833,0.7543743626266419,0.5814804499862433,2.089093453847641,2.5596181284599497,0.2610252033307745,1.0600047049588808,4.156608506053441,3.4756848755185032,5,0.3631915250798524,3,1.698930483572735,0.99997854
36.53152476462167,1.4619676484983164,2.397276103880201,10.954152199221273,3.363698005655454,1.8811804237630891,0.7680160869417942,0.7278616624556751,2.5116693119248987,2.5834023206932595,0.2610252033307745,1.0593837678531544,4.120328051033186,4.486094395494931,4,0.3594478592268426,3,1.698930483572735,0.99997854
29.415489651631862,1.4836328934316494,2.397276103880201,10.816887449504549,3.257802350446914,1.8726037555390007,0.8014274026570181,0.6834195812346675,2.550846833578249,2.5834023206932595,0.6281113617146303,1.0593837678531544,4.091283310827363,3.113233123089003,5,0.3594478592268426,3,1.698930483572735,0.99997854
32.316620172788554,1.4836328934316494,2.387971629233854,10.954152199221273,3.4889821060741175,1.86262340799086,0.8124172634851279,0.6682666926812282,2.1088454739016402,2.5916472678260725,0.2610252033307745,1.0593837678531544,4.139031534522797,6.051980063233767,5,0.3507520437384525,3,1.6594911041305063,0.99997854
29.61602663906858,1.510135267084136,2.4484284172030546,11.046192238640925,3.4245808469298176,1.86262340799086,0.8248466292906439,0.6891407160841302,2.7241989642010895,2.498966033206386,0.2610252033307745,1.0084592021750591,4.22267516523388,3.113233123089003,6,0.38557541338797685,3,1.698930483572735,0.99997854
36.53152476462167,1.4815056500385038,2.397276103880201,10.954152199221273,3.361943239287199,1.8811804237630891,0.8203790019186082,0.7201880755815616,2.1088454739016402,2.6066218091980953,0.2610252033307745,1.0593837678531544,4.198084965797675,3.113233123089003,6,0.38030479453007726,3,1.8156628387440206,0.99997854
35.583258355305354,1.4815056500385038,1.9416802200998067,10.954152199221273,3.257802350446914,1.897676046655051,0.7680160869417942,0.6698186300206573,2.1088454739016402,2.5834023206932595,0.6281113617146303,1.0600047049588808,4.120328051033186,-1.1944709119365768,5,0.3594478592268426,3,1.6594911041305063,0.99997854
33.62560372439769,1.4307771492094419,1.9416802200998067,11.046192238640925,3.1227478661995876,1.86262340799086,0.8264926102174472,0.6891407160841302,2.5937992217689696,2.615467535689193,0.2610252033307745,1.0593837678531544,4.22267516523388,4.577944688280631,5,0.3594478592268426,3,1.5233556393385002,0.99997854
29.61602663906858,1.4373885473817007,2.387971629233854,11.017145418562675,3.1031951031944986,1.86262340799086,0.7532005344306684,0.6682666926812282,2.253009061733786,2.4602282081405455,0.2610252033307745,1.0084592021750591,4.120328051033186,16.7859765500191,5,0.34711519954691233,3,1.5259813986917372,0.9999783
35.583258355305354,1.499856923208964,2.0115729451025426,10.950161255538934,3.3132437518102056,1.86262340799086,0.7680160869417942,0.728644203537754,2.1088454739016402,2.6366796363287874,0.2610252033307745,1.0593837678531544,4.120328051033186,3.113233123089003,5,0.32128831627188786,3,1.4730206179492977,0.9999782
44.76465534422661,1.4727800980555121,1.9416802200998067,11.116797450690795,3.257802350446914,1.8440536278890258,0.8474931014403413,0.7372409857152401,2.6792946739695127,2.686494693107985,0.2610252033307745,1.0600047049588808,3.956533637830421,1.0661559953213455,5,0.38030479453007726,3,1.5233556393385002,0.9999782
36.53152476462167,1.4727800980555121,2.397276103880201,10.954152199221273,3.361943239287199,1.8811804237630891,0.8418162741662875,0.7278616624556751,2.1088454739016402,2.5914642669445302,0.2610252033307745,1.0593837678531544,4.198084965797675,3.113233123089003,7,0.38030479453007726,3,1.8156628387440206,0.9999777
26.918078257416894,1.5169609065556575,1.9488500563618887,10.954152199221273,3.257802350446914,1.8811804237630891,0.7590825990868864,0.6665290842176506,2.6107567070760447,2.5981024726174096,0.2610252033307745,1.0593837678531544,4.24607113711735,3.113233123089003,6,0.3594478592268426,3,2.1460691686673403,0.99997735
32.654046095238456,1.4293889193272669,1.9416802200998067,10.954152199221273,3.257802350446914,1.8811804237630891,0.8203790019186082,0.7325678667376097,2.6107567070760447,2.615467535689193,0.2610252033307745,1.0084592021750591,4.198084965797675,3.113233123089003,5,0.3594478592268426,3,1.9850467491843125,0.99997735
29.662726161824114,1.510135267084136,1.9416802200998067,11.046192238640925,3.4245808469298176,1.86262340799086,0.8264926102174472,0.6891407160841302,2.4621403358485834,2.615467535689193,0.2610252033307745,1.0084592021750591,3.7628625135651803,3.113233123089003,5,0.38557541338797685,3,1.5434389965672555,0.99997735
29.61602663906858,1.4685191920805063,2.397276103880201,10.816887449504549,3.667073642622096,1.8811804237630891,0.8248466292906439,0.7278616624556751,2.1088454739016402,2.5914642669445302,0.2610252033307745,1.0084592021750591,4.120328051033186,3.113233123089003,6,0.38030479453007726,3,1.9798862188441366,0.99997735
49.48398966716309,1.5169609065556575,2.397276103880201,10.954152199221273,3.558259021220743,1.8553299053956402,0.8264926102174472,0.7325678667376097,2.6107567070760447,2.58264312634636,0.2610252033307745,1.0084592021750591,4.198084965797675,3.113233123089003,6,0.3323038266176679,3,1.7465834199330854,0.9999769
29.597443738172093,1.4737430347369713,2.397276103880201,11.112784610320894,3.5235880852494184,1.86262340799086,0.7590825990868864,0.7325678667376097,1.8995056584998915,2.575755903013884,0.2610252033307745,0.9533810522625515,4.198084965797675,3.113233123089003,4,0.3594478592268426,3,1.698930483572735,0.99997675
36.53152476462167,1.4619676484983164,2.397276103880201,10.954152199221273,3.101857969842896,1.897676046655051,0.7680160869417942,0.7843985622801501,2.5116693119248987,2.5834023206932595,0.6281113617146303,1.0600047049588808,4.131668653986011,-1.1944709119365768,5,0.3594478592268426,3,1.698930483572735,0.99997675
34.78999095684752,1.4727800980555121,1.9416802200998067,10.954152199221273,3.558259021220743,1.7620373004125514,0.8264926102174472,0.7523063509117136,1.8995056584998915,2.615467535689193,0.2610252033307745,1.0084592021750591,4.270734466058648,3.113233123089003,6,0.38030479453007726,3,1.698930483572735,0.99997675
29.61602663906858,1.4727800980555121,2.4428378338513017,10.59103149849408,3.363698005655454,1.7560283750874104,0.8248466292906439,0.6521661194935583,2.7290408811731206,2.4433683441545373,0.2610252033307745,0.9313860895788613,4.198084965797675,3.113233123089003,4,0.3603109270869672,3,1.8156628387440206,0.99997675
47.577313822770215,1.4836328934316494,2.397276103880201,11.112784610320894,3.558259021220743,1.86262340799086,0.8264926102174472,0.7278616624556751,2.6301728257496153,2.461625004646867,0.2610252033307745,0.9532904361227307,4.198084965797675,0.625642240375587,4,0.3594478592268426,3,1.698930483572735,0.99997675
36.53152476462167,1.4847098484206387,1.9416802200998067,10.954152199221273,3.257802350446914,1.897676046655051,0.8203790019186082,0.7599836321798905,2.6139711901184866,2.5834023206932595,0.6281113617146303,1.0600047049588808,4.198084965797675,5.188504695750957,5,0.34711519954691233,3,1.698930483572735,0.99997675
34.224255595216874,1.4660773657064459,2.0115729451025426,10.663260686186765,3.361943239287199,1.8236006685277752,0.7853844047070375,0.7325678667376097,2.1088454739016402,2.562378191972057,0.2610252033307745,0.8333608620552526,4.198084965797675,3.113233123089003,5,0.3472846143944541,3,1.698930483572735,0.99997675
29.597443738172093,1.4836328934316494,2.397276103880201,10.954152199221273,3.5235880852494184,1.86262340799086,0.7578320635209813,0.7972696870100483,2.5894201372819667,2.5834023206932595,0.2610252033307745,1.0593837678531544,4.131668653986011,3.113233123089003,5,0.3594478592268426,3,1.8156628387440206,0.99997675
32.316620172788554,1.510135267084136,1.9416802200998067,10.954152199221273,3.4619651543089627,1.86262340799086,0.8191142631483461,0.6891407160841302,2.1088454739016402,2.5834023206932595,0.2610252033307745,0.8533550374315483,4.147377359609953,3.113233123089003,5,0.3594478592268426,3,1.5434389965672555,0.99997675
32.654046095238456,1.4660773657064459,1.9569200395717212,10.954152199221273,3.257802350446914,1.9089504481800705,0.8238429965782039,0.7674791434151705,2.1136458650142127,2.494587562421274,-0.272848781864262,1.0593837678531544,4.149180713582141,1.0661559953213455,5,0.34711519954691233,3,1.7875241668294823,0.99997663
32.654046095238456,1.510135267084136,1.9416802200998067,11.116797450690795,3.257802350446914,1.8811804237630891,0.8264926102174472,0.7278616624556751,2.7241989642010895,2.639516081735809,0.2610252033307745,0.997638332408359,3.929121627766386,2.491430298687238,5,0.34711519954691233,3,1.4808048941797758,0.9999764
44.76465534422661,1.4660773657064459,1.9416802200998067,11.116797450690795,3.752300103660729,1.7620373004125514,0.8264926102174472,0.7325678667376097,2.6139711901184866,2.615467535689193,1.781848787811505,1.0593837678531544,4.120328051033186,1.0661559953213455,6,0.38030479453007726,3,1.8156628387440206,0.99997604
32.654046095238456,1.48348879676748,1.9416802200998067,10.59103149849408,3.257802350446914,1.7227405551746444,0.8228095373173699,0.6521661194935583,2.550846833578249,2.5834023206932595,2.83278798183348,1.0593837678531544,4.131668653986011,3.113233123089003,5,0.3594478592268426,3,1.7875241668294823,0.99997604
25.887726693690592,1.48348879676748,2.397276103880201,11.074666115560712,3.257802350446914,1.7780741236071305,0.8409413897422634,0.6521661194935583,2.742703181933804,2.615467535689193,2.0724751858043646,1.0054989364623133,4.300340032735922,1.0661559953213455,6,0.3603109270869672,3,1.7875241668294823,0.99997604
34.79168516269996,1.510135267084136,2.425131450334426,10.954152199221273,3.4245808469298176,1.8811804237630891,0.8248466292906439,0.6891407160841302,2.1088454739016402,2.5914642669445302,1.9397504069686065,1.0600047049588808,4.198084965797675,3.113233123089003,4,0.38030479453007726,3,1.5434389965672555,0.99997604
33.62560372439769,1.510135267084136,2.0115729451025426,11.046192238640925,3.1227478661995876,1.86262340799086,0.8109738722070801,0.7325678667376097,2.1088454739016402,2.575755903013884,2.867764845501007,1.0593837678531544,4.231366484072305,6.051980063233767,5,0.34972377162861623,3,1.5434389965672555,0.99997604
33.62560372439769,1.510135267084136,1.910022803903729,11.046192238640925,3.1227478661995876,1.897676046655051,0.7783588054430356,0.6891407160841302,2.550846833578249,2.5941403486499013,2.6112713950565727,1.0593837678531544,4.132247249264474,-0.1530897818367798,6,0.3472846143944541,3,1.6594911041305063,0.99997604
24.381833485583957,1.4727800980555121,1.9488500563618887,10.954152199221273,3.363698005655454,1.8811804237630891,0.8036021145636333,0.7278616624556751,2.6107567070760447,2.551856388379304,2.9720341525455005,0.9538651005640323,4.198084965797675,3.113233123089003,5,0.3323038266176679,3,1.698930483572735,0.999974
32.654046095238456,1.48348879676748,2.397276103880201,11.017145418562675,3.493760155085657,1.7780741236071305,0.8248466292906439,0.6499598788333046,2.6170345803807993,2.461625004646867,0.2610252033307745,1.0593837678531544,4.300340032735922,3.113233123089003,9,0.3594478592268426,3,1.698930483572735,0.9999739
44.446993070663055,1.4836328934316494,1.9416802200998067,11.116797450690795,3.493760155085657,1.878104832279324,0.817358519745713,0.7278616624556751,2.6107567070760447,2.461625004646867,0.2610252033307745,1.0593837678531544,4.120328051033186,3.113233123089003,8,0.34711519954691233,3,1.5233556393385002,0.9999739
32.654046095238456,1.4815056500385038,1.9416802200998067,11.017145418562675,3.257802350446914,1.7620373004125514,0.8203790019186082,0.7325678667376097,2.6139711901184866,2.5981024726174096,7.242803325540432,1.0084592021750591,4.120328051033186,3.403443588607473,5,0.3594478592268426,3,1.5259813986917372,0.9999713
32.316620172788554,1.4836328934316494,2.397276103880201,10.954152199221273,3.4889821060741175,1.897676046655051,0.8017713999598851,0.6834195812346675,2.5116693119248987,2.5834023206932595,0.2610252033307745,1.0593837678531544,4.155748211264077,3.113233123089003,5,0.3594478592268426,3,1.3920585805767478,0.9999653
29.61602663906858,1.4685191920805063,2.397276103880201,10.954152199221273,3.646224156550632,1.9324299176668833,0.8248466292906439,0.689577517525749,2.1088454739016402,2.6918048281655356,0.2610252033307745,1.0084592021750591,4.120328051033186,10.924590723052491,1,0.38557541338797685,3,1.698930483572735,0.9999634
36.53152476462167,1.4307771492094419,1.9243248081935236,10.954152199221273,3.745547472868189,1.797864904523027,0.8114863473770153,0.7372409857152401,2.6107567070760447,2.615467535689193,0.2610252033307745,1.0593837678531544,3.9649003101917186,3.113233123089003,1,0.36194867481764714,3,1.5233556393385002,0.9999627
33.62560372439769,1.510135267084136,1.910022803903729,11.046192238640925,3.1227478661995876,1.7620373004125514,0.8109738722070801,0.6891407160841302,2.6139711901184866,2.615467535689193,0.2610252033307745,1.0084592021750591,4.120328051033186,3.113233123089003,1,0.38030479453007726,3,1.8156628387440206,0.9999627
36.53152476462167,1.4660773657064459,2.397276103880201,10.954152199221273,3.257802350446914,1.8811804237630891,0.8645475570261202,0.7278616624556751,2.4227089787300486,2.615467535689193,0.2610252033307745,1.0593837678531544,3.929121627766386,1.0661559953213455,1,0.38030479453007726,3,1.7875241668294823,0.9999627
32.316620172788554,1.4293889193272669,1.9416802200998067,10.954152199221273,3.257802350446914,1.897676046655051,0.8203790019186082,0.7325678667376097,2.6139711901184866,2.5834023206932595,4.345836535037041,1.1704644207813615,4.120328051033186,6.051980063233767,1,0.3594478592268426,3,1.5259813986917372,0.99995375
36.53152476462167,1.4727800980555121,1.9416802200998067,10.954152199221273,3.257802350446914,1.7620373004125514,0.8190136371017247,0.7325678667376097,2.6139711901184866,2.6673828927616263,0.2610252033307745,1.0593837678531544,4.242007867073364,-0.1305476719513905,11,0.34711519954691233,3,1.698930483572735,0.9586461
29.61602663906858,1.510135267084136,2.0082761819751433,11.074666115560712,3.363698005655454,1.8950596290903245,0.7590825990868864,0.5814804499862433,2.089093453847641,2.5596181284599497,0.2610252033307745,1.0084592021750591,4.149180713582141,3.113233123089003,4,0.344271816849508,3,1.698930483572735,0.9414342
29.61602663906858,1.5045515070905908,2.374293008190378,10.954152199221273,3.257802350446914,1.8811804237630891,0.8114863473770153,0.7278616624556751,2.1855715354128673,2.5914642669445302,0.6281113617146303,1.0084592021750591,4.120328051033186,3.113233123089003,3,0.38557541338797685,3,1.7875241668294823,0.9414342
