cid,formula,polar_id,nonpolar_id,polar_spacegroup,nonpolar_spacegroup,structure_file,Ps,polarization_change_norm,dw_depth,path_barrier,gap_polar,gap_min,is_switchable,pol_smoothness_max,energy_smoothness
cid_56c2cec74550cd25e92d9745,Mo(HO2)2,mp-625600,mp-626577,1,2,structures/cid_56c2cec74550cd25e92d9745_polar.json,0.2582520603815943,0.2426394223740693,-1.0506192857135943,0.0,3.2043999999999997,3.1748,1,0.0714365261688962,1.3300690464587356e-06
cid_56c2cf5b4550cd25e92d989b,Al(HO)3,mp-626435,mp-626414,1,2,structures/cid_56c2cf5b4550cd25e92d989b_polar.json,0.11367406797505554,0.11684515684569968,9.805356071429294,9.805356071429294,5.0108,4.792400000000001,1,0.00018197671290604163,9.38810265420137e-06
cid_56c2cf7c4550cd25e92d98ed,Mo(HO2)2,mp-626586,mp-626577,1,2,structures/cid_56c2cf7c4550cd25e92d98ed_polar.json,17.314449823564097,16.27516280207462,-77.32342285714289,67.70542928571466,2.1433,2.0303,0,0.3528550819836956,0.0019250640868612844
cid_56c2ceff4550cd25e92d97c7,U3(HO5)2,mp-626114,mp-626104,1,2,structures/cid_56c2ceff4550cd25e92d97c7_polar.json,23.863675026701618,22.950225136779864,33.53437666666714,151.13880733333394,1.8482999999999998,1.764,0,0.2936430900964478,0.0001833747933807338
cid_56c2ceff4550cd25e92d97c6,U3(HO5)2,mp-626114,mp-626062,1,2,structures/cid_56c2ceff4550cd25e92d97c6_polar.json,23.86362598045789,22.95017880211903,-33.704994666665655,25.182883333334516,1.8482999999999998,1.8482999999999998,1,0.07411860455210853,0.00015916286109336278
cid_56c2cefa4550cd25e92d97bc,NaHO,mp-626000,mp-23940,4,11,structures/cid_56c2cefa4550cd25e92d97bc_polar.json,10.704547268951062,10.704547267007257,1.8497233333327756,2.61610666666634,2.9884,2.8169,1,0.0009125957823221237,2.3872792793837744e-06
cid_56c2cf814550cd25e92d98fe,Mo(HO2)2,mp-626582,mp-626577,1,2,structures/cid_56c2cf814550cd25e92d98fe_polar.json,38.827169767460504,39.1726829066601,-47.647417857143104,61.50137499999975,2.5118,2.2683999999999997,0,0.19442821706346852,0.0012903370610833074
cid_56c2bec64550cd25e92d741f,CuBi(WO4)2,mp-565192,mp-615173,1,2,structures/cid_56c2bec64550cd25e92d741f_polar.json,1.0715538571472998,0.8239216579822344,0.08955916666675279,0.08955916666675279,1.3261000000000003,1.2749000000000001,1,0.005473183848741318,1.5135654698273235e-06
cid_56c2bdb94550cd25e92d72bd,H10C3NClO4,mp-554570,mp-560498,4,11,structures/cid_56c2bdb94550cd25e92d72bd_polar.json,0.30840651021867754,0.30840651021867754,-0.48032473684234134,0.0,5.6126,5.6126,1,0.0022172989579272396,1.9034034888161302e-06
cid_56c2be784550cd25e92d73cb,Cs2HgI4,mp-567594,mp-28421,4,11,structures/cid_56c2be784550cd25e92d73cb_polar.json,0.3363772583543227,0.33637725835464277,-0.7571328571427394,0.0,2.114,2.0672,1,0.0017859878932234804,6.6926777736653105e-06
cid_56c2bf1e4550cd25e92d74bc,K2ZnBr4,mp-23535,mp-23495,4,11,structures/cid_56c2bf1e4550cd25e92d74bc_polar.json,1.9486464683118552,1.9486464683118552,1.0260692857144704,1.0260692857144704,3.6744000000000003,3.6559999999999997,1,0.0010539437424274007,4.96643415582539e-06
cid_56c2c3224550cd25e92d7d68,BaCa(CO3)2,mp-644852,mp-6568,4,11,structures/cid_56c2c3224550cd25e92d7d68_polar.json,0.008266119944218256,0.008265569363080585,-15.758228999999346,0.0,4.7581,4.683,1,0.0012319584165657472,2.0628482452415305e-05
cid_56c2c9894550cd25e92d8c93,CuI,mp-673245,mp-22895,7,216,structures/cid_56c2c9894550cd25e92d8c93_polar.json,0.06533239750344973,0.04250001658325736,-3.4394937499997447,0.0,1.1656999999999993,1.1517999999999997,1,0.02476691799170588,7.450837151443202e-06
cid_56c2cf864550cd25e92d9908,RbHO,mp-626721,mp-643043,4,11,structures/cid_56c2cf864550cd25e92d9908_polar.json,10.52000604787037,10.52000604596955,7.409761666667514,30.965316666667242,3.3986,3.0816,1,0.0095419177100522,0.00016815181434535133
cid_56c2e6284550cd25e92dc4d2,BaCO3,mp-762225,mp-34195,4,11,structures/cid_56c2e6284550cd25e92dc4d2_polar.json,0.9612651443093486,0.9612651494739114,1.0368820000001833,764.401147,4.4577,0.11450000000000005,1,0.06143546992109888,0.0025718566395587475
cid_56c2e3d94550cd25e92dbf8d,KLaSiS4,mp-861938,mp-12924,4,11,structures/cid_56c2e3d94550cd25e92dbf8d_polar.json,7.425558822472706,7.425558822676746,2.745851428572088,2.745851428572088,2.8472000000000004,2.6917,1,0.000981854329617949,2.6954802771744004e-05
cid_56c2c0b54550cd25e92d787a,SrMgF4,mp-561022,mp-556290,4,11,structures/cid_56c2c0b54550cd25e92d787a_polar.json,10.748699271639234,10.748699271639234,34.8199340277775,34.8199340277775,6.6581,6.2242,1,0.0007712725891964693,1.5607603066348888e-05
cid_56c2d8204550cd25e92da978,Li2Co(CO3)2,mp-765128,mp-763828,4,14,structures/cid_56c2d8204550cd25e92da978_polar.json,1.2312861429309085,1.2312861429309085,-24.686510227271974,107.46189159090935,2.0892,0.8592,0,0.10393619530753548,0.016711177218177893
cid_56c2d8814550cd25e92daa3e,Li2Co(CO3)2,mp-765126,mp-763828,4,14,structures/cid_56c2d8814550cd25e92daa3e_polar.json,4.900651618156404,4.900651618156404,-19.13037000000095,116.57212090908953,2.1362,0.9048999999999999,0,0.113209144341823,0.015482093883802632
cid_56c2c1274550cd25e92d78f4,Ba2YF7,mp-768350,mp-777744,4,14,structures/cid_56c2c1274550cd25e92d78f4_polar.json,0.7027941352683859,0.7027941352683859,-64.42426050000006,0.0,6.5159,6.5159,1,0.0028809874542716943,4.5016759799461524e-05
cid_56c2cdbf4550cd25e92d9551,Cu2H10C6S3N4,mp-600236,mp-555729,4,14,structures/cid_56c2cdbf4550cd25e92d9551_polar.json,0.01647326084486704,0.016473260844866947,-7.265097800000397,20.813914799999722,2.7727000000000004,2.1145000000000005,1,0.001373669011878963,0.0006567491758977108
cid_56c2ccfb4550cd25e92d937f,CaB3H5O8,mp-560899,mp-705495,4,14,structures/cid_56c2ccfb4550cd25e92d937f_polar.json,0.6164959458192714,0.6164959458192714,4.396288235293255,21.977154705882462,5.6111,5.5385,1,0.002419972275898154,0.00020779610649659757
cid_56c2ceec4550cd25e92d97a7,Zn(HO)2,mp-625857,mp-625830,4,19,structures/cid_56c2ceec4550cd25e92d97a7_polar.json,0.5565078065032893,0.5565078060714915,-1.5538534999999243,2944.155945,2.9905999999999997,2.9753,0,0.012579870863402324,0.12678898930647384
cid_56c2be0b4550cd25e92d7330,H2O,mp-557082,mp-558226,4,19,structures/cid_56c2be0b4550cd25e92d7330_polar.json,13.47341455251172,13.47341455251172,-0.7808905555553025,165.5823494444437,5.481,4.769,1,0.028117171649880278,0.00011905134619075942
cid_56c2be0b4550cd25e92d732f,H2O,mp-557082,mp-558958,4,19,structures/cid_56c2be0b4550cd25e92d732f_polar.json,13.473425185691521,13.473425185691521,0.2386261111109178,27.691775277777886,5.481,5.3395,1,0.02725380889817628,3.2966018602150354e-05
cid_56c2e8624550cd25e92dc95e,SiO2,mp-972808,mp-559091,4,182,structures/cid_56c2e8624550cd25e92dc95e_polar.json,0.3772812860841822,0.3772812890001311,-9.821769166666883,2.6003341666660518,5.590599999999999,5.4848,1,0.0017813760933277248,9.601940715200924e-05
cid_56c2e2c64550cd25e92dbd7d,LiNiPO4,mp-763217,mp-761990,4,63,structures/cid_56c2e2c64550cd25e92dbd7d_polar.json,0.4136677095459791,0.4136677095459791,100.33645071428498,276.291099999999,3.9471,1.8476,0,0.13119626083664473,0.02461153932188792
cid_56c2ce794550cd25e92d96ae,HgC2(SN)2,mp-610992,mp-655275,5,12,structures/cid_56c2ce794550cd25e92d96ae_polar.json,0.9107018137555704,0.910701813140262,-2.305007142856752,0.0,2.1357,2.1357,1,0.00014866247338536336,7.461190709206165e-06
cid_56c2c2a34550cd25e92d7c61,SiO2,mp-555891,mp-559091,4,182,structures/cid_56c2c2a34550cd25e92d7c61_polar.json,0.0352873643681503,0.03528770481795638,-3.363003333333836,4.707071666667062,5.3892,5.3892,1,0.00022053122471879906,1.2538559725817825e-05
cid_56c2e2ca4550cd25e92dbd8a,LiNiPO4,mp-763217,mp-762173,4,62,structures/cid_56c2e2ca4550cd25e92dbd8a_polar.json,0.4120489674190413,0.4120489674190413,95.09461642857087,750.4312499999992,3.9471,0.15969999999999995,0,0.15116974965080945,0.013000451867030605
cid_56c2cd244550cd25e92d93c6,MgH8(ClO6)2,mp-989229,mp-865188,5,12,structures/cid_56c2cd244550cd25e92d93c6_polar.json,1.0086883649353005,1.0086883649303557,-18.05036760869605,342.13735521739164,5.1842,5.1842,1,0.027241486008022276,0.00941559122187544
cid_56c2c0f14550cd25e92d78c6,BaTi2O5,mp-555966,mp-3943,5,12,structures/cid_56c2c0f14550cd25e92d78c6_polar.json,15.310260776157179,15.310260776135928,3.140978958333207,3.140978958333207,2.2069000000000005,1.8924999999999996,1,0.01713477404526898,5.230116149427932e-06
cid_56c2d0074550cd25e92d9a24,Ag(CO)2,mp-600237,mp-654937,5,15,structures/cid_56c2d0074550cd25e92d9a24_polar.json,0.004571590373395742,0.004571590373395742,-0.5193063749997506,0.0,0.9916,0.9916,1,0.00045559444335227815,3.4136426779790963e-06
cid_56c2c6c04550cd25e92d8633,GaN5O14,mp-541950,mp-557954,5,82,structures/cid_56c2c6c04550cd25e92d8633_polar.json,0.029288959025705573,0.029288946162179443,2.1530070000004287,3.689617000000034,1.2656,1.1242999999999999,1,0.039654403278777714,1.0959644109667032e-05
cid_56c2cb7e4550cd25e92d8fb1,Li4CO4,mp-550320,mp-551848,5,121,structures/cid_56c2cb7e4550cd25e92d8fb1_polar.json,48.99224894650826,48.99224894689367,58.191649999998596,58.191649999998596,5.05,5.05,1,0.02459187661827793,9.122290317499462e-05
cid_56c2be134550cd25e92d7341,K4CO4,mp-551561,mp-549869,5,121,structures/cid_56c2be134550cd25e92d7341_polar.json,16.653438874330458,16.653438875650806,6.261023888888495,6.261023888888495,1.9965999999999997,1.9965999999999997,1,0.0009620375777381803,1.8221881902385284e-05
cid_56c2cb254550cd25e92d8efe,Na4CO4,mp-13274,mp-546551,5,121,structures/cid_56c2cb254550cd25e92d8efe_polar.json,39.17348758032185,39.173487580322686,26.34734222222246,27.119769999999654,2.1832000000000003,2.1832000000000003,1,0.010289541458542268,3.08240979038506e-05
cid_56c2c3204550cd25e92d7d63,Rb4CO4,mp-551176,mp-545760,5,121,structures/cid_56c2c3204550cd25e92d7d63_polar.json,14.60492992385901,14.604929924498254,3.062957777777875,3.062957777777875,1.4061000000000001,1.4061000000000001,1,0.0003960593923685201,5.78838973493832e-06
cid_56c2ceb84550cd25e92d9729,Pr(HO)3,mp-625452,mp-626361,6,11,structures/cid_56c2ceb84550cd25e92d9729_polar.json,0.15963338218912942,0.14299514426806084,1.5243907142847846,1.5243907142847846,3.7597999999999994,3.7597999999999994,1,0.00012459393521663487,4.0581043404750705e-06
cid_56c2ceb84550cd25e92d9728,Pr(HO)3,mp-625452,mp-625447,6,176,structures/cid_56c2ceb84550cd25e92d9728_polar.json,0.15936693150258113,0.14196660692732116,-0.1266785714300056,0.0,3.7597999999999994,3.7244,1,0.0002487052455665546,1.95506397928329e-06
cid_56c2cebb4550cd25e92d972e,Te(HO2)2,mp-625526,mp-625513,7,14,structures/cid_56c2cebb4550cd25e92d972e_polar.json,21.84277106067138,21.94843696329358,12.548795000000723,715.1851078571436,1.6931999999999998,1.6931999999999998,0,0.12548371266004368,0.02734598671089062
cid_56c2cf524550cd25e92d9885,H4SO5,mp-626448,mp-626109,7,14,structures/cid_56c2cf524550cd25e92d9885_polar.json,1.0519293034604245,1.0302899627475375,-0.09406649999998962,0.0,5.65,5.65,1,0.0009351487118595323,2.8245075829229423e-06
cid_56c2cea74550cd25e92d9705,H5IO6,mp-625256,mp-27773,7,14,structures/cid_56c2cea74550cd25e92d9705_polar.json,0.44336699166453186,0.3167005554400453,-1.1379889583329472,0.0,2.3256,2.1761999999999997,1,0.008245419178517914,4.2194067082671086e-05
cid_56c2cf5d4550cd25e92d98a0,PH3O4,mp-626450,mp-23902,7,14,structures/cid_56c2cf5d4550cd25e92d98a0_polar.json,4.251635037859239,4.08241526585695,-13.43375187500051,0.0,5.666,5.666,1,0.0006159716373088407,2.6958383001734625e-05
cid_56c2cea74550cd25e92d9706,H5IO6,mp-625256,mp-625174,7,14,structures/cid_56c2cea74550cd25e92d9706_polar.json,39.44756527313195,28.483235020084688,5.273250624999726,2604.899161041667,2.3256,2.0282,0,0.2254647991971315,0.21463100882725233
cid_56c2cf5d4550cd25e92d98a1,PH3O4,mp-626450,mp-626449,7,14,structures/cid_56c2cf5d4550cd25e92d98a1_polar.json,4.251608305575608,4.082390255898901,-2.8054403124997407,0.0,5.666,5.666,1,0.0004976722165373878,1.387105779224189e-06
cid_56c2cf5d4550cd25e92d98a2,PH3O4,mp-626450,mp-626464,7,14,structures/cid_56c2cf5d4550cd25e92d98a2_polar.json,4.2515860154364695,4.082368758203603,10.130240312499872,507.78022968749957,5.666,5.630199999999999,0,0.025298776148673548,0.02035906251996176
cid_56c2c1134550cd25e92d78e7,Ag2BiO3,mp-561113,mp-558712,7,52,structures/cid_56c2c1134550cd25e92d78e7_polar.json,20.601016253857185,14.528007315217412,2.5263750000004137,2.5263750000004137,0.5096000000000003,0.09430000000000005,0,0.9176231347121758,6.364706370929726e-06
cid_56c2c6ed4550cd25e92d8668,KAuCl4,mp-27181,mp-568986,7,14,structures/cid_56c2c6ed4550cd25e92d8668_polar.json,0.2613564047128348,0.2747173515480337,0.13235541666656303,0.13235541666656303,1.3919,1.3387000000000002,1,0.0016552237390677926,2.2673287323670197e-06
cid_56c2cf844550cd25e92d9905,Al(HO)3,mp-626587,mp-626605,7,61,structures/cid_56c2cf844550cd25e92d9905_polar.json,8.10831018929221,8.11134611772383,8.066327321428979,29.068020535715,4.9505,4.7738,1,0.002667631373169332,0.0001413183515095371
cid_56c2e5ba4550cd25e92dc3b2,Ti3(BiO3)4,mp-723064,mp-23335,7,139,structures/cid_56c2e5ba4550cd25e92dc3b2_polar.json,58.15000754084115,58.0511491220694,61.85247499999935,61.85247499999935,2.3579,1.3464,1,0.03826487409208581,0.00022263565756031693
cid_56c2ce7e4550cd25e92d96ba,K4CO4,mp-605843,mp-549869,8,121,structures/cid_56c2ce7e4550cd25e92d96ba_polar.json,8.760273421342635,10.158982344529756,2.4171494444447106,2.4171494444447106,2.1884,2.1884,1,0.008664457065674246,8.124661406033968e-06
cid_56c2e52f4550cd25e92dc28f,SiO2,mp-557881,mp-558351,8,12,structures/cid_56c2e52f4550cd25e92dc28f_polar.json,0.015185099131524141,0.016776652225272144,-0.39171861111064743,0.0,5.5258,5.5138,1,0.0001929081177688263,5.5625456782136865e-06
cid_56c2ceed4550cd25e92d97ac,Sr(H2O3)2,mp-625836,mp-625812,9,15,structures/cid_56c2ceed4550cd25e92d97ac_polar.json,7.885530255206491,7.675209562595224,-38.22811090909095,567.4063420454543,3.0286,0.1634000000000002,0,0.9999510313694738,0.02275521218813973
cid_56c2d8214550cd25e92da97a,NbO2F,mp-752467,mp-35171,9,15,structures/cid_56c2d8214550cd25e92da97a_polar.json,140.3310818809302,127.50480568432904,111.5036743749993,624.6007212500002,2.2087,1.3779,0,1.0000358553522368,0.020069520143509056
cid_56c2c0514550cd25e92d7800,Cd2P3Cl,mp-29246,mp-644431,9,15,structures/cid_56c2c0514550cd25e92d7800_polar.json,0.8504461392767609,0.8128207459639691,0.053920416666741744,0.053920416666741744,1.2605,1.2605,1,0.002290288099169964,3.0880933685636176e-06
cid_56c2c35e4550cd25e92d7db6,Cr(PO3)3,mp-566776,mp-566761,9,15,structures/cid_56c2c35e4550cd25e92d7db6_polar.json,0.3560931610700318,0.33935890295408455,1.1136917307696947,86.28981653846246,3.1847000000000003,2.9063999999999997,1,0.0036023974680713497,0.0064291091687573
cid_56c2ceb74550cd25e92d9727,H2SO4,mp-625474,mp-690733,9,15,structures/cid_56c2ceb74550cd25e92d9727_polar.json,65.27258888922871,67.38924771470536,-46.62869107142864,118.11021035714298,5.5421,4.7354,0,0.9127571232829166,0.008034050536004391
cid_56c2caf94550cd25e92d8eea,K2HS2NO6,mp-695383,mp-706912,9,15,structures/cid_56c2caf94550cd25e92d8eea_polar.json,3.183157979163059,3.205424464011094,5.607621041666455,10.512791458332948,5.2786,5.0598,1,0.000991553862250785,3.702667537185221e-05
cid_56c2cebc4550cd25e92d9731,H2SO4,mp-625445,mp-690733,9,15,structures/cid_56c2cebc4550cd25e92d9731_polar.json,51.491451834206785,50.9724404875533,-33.701177857142994,75.7619846428561,5.8003,5.3623,0,0.3231166269612057,0.0031366840364949783
cid_5875b2f4c466e4344cd8125c,FeBiO3,mp-24942,mp-561388,160,221,structures/cid_5875b2f4c466e4344cd8125c_polar.json,124.5253752659242,124.52538625941162,182.31567733333344,182.31567733333344,1.7809,0.032399999999999984,1,0.09850754781791343,7.740009066431553e-05
cid_56c2c1254550cd25e92d78f2,ScBiO3,mp-555313,mp-555769,9,15,structures/cid_56c2c1254550cd25e92d78f2_polar.json,5.197645294417855,5.6810957790006285,0.10580149999928068,0.10580149999928068,2.6986,2.6986,1,0.0029831927493374115,6.77465343254248e-06
cid_56c2c79f4550cd25e92d879e,Zn3(BO3)2,mp-559949,mp-542833,9,15,structures/cid_56c2c79f4550cd25e92d879e_polar.json,0.06842345027194702,0.06336588745616482,-0.059687840908928536,0.0,2.7464,2.7204,1,0.0020100953327756694,1.0643366975790364e-05
cid_56c2d6d64550cd25e92da6dc,LiFe4(PO4)3,mp-762896,mp-540020,9,15,structures/cid_56c2d6d64550cd25e92da6dc_polar.json,18.427347729821584,16.151716676624602,-10.27577712499994,559.0804045000004,2.2147,0.04029999999999978,0,0.14874606143334232,0.08623103113834699
cid_56c2cea04550cd25e92d96f5,Sr(HO)2,mp-625184,mp-27425,26,62,structures/cid_56c2cea04550cd25e92d96f5_polar.json,1.1654561415252553,1.1654561415252553,-1.3997975000004104,0.0,3.9957000000000003,3.9957000000000003,1,0.00010486633750158329,1.9394110418258945e-06
cid_56c2cd544550cd25e92d9409,Li6PS5I,mp-950995,mp-985582,9,216,structures/cid_56c2cd544550cd25e92d9409_polar.json,3.077655901170495,2.5638913624270634,16.21801692307745,16.21801692307745,2.2888,2.0292000000000003,1,0.001176977062807143,4.52759700935613e-06
cid_56c2cea04550cd25e92d96f6,Sr(HO)2,mp-625184,mp-625191,26,62,structures/cid_56c2cea04550cd25e92d96f6_polar.json,1.1653750601614499,1.1653750601614499,2.4574799999994568,2.4574799999994568,3.9957000000000003,3.9563,1,0.00015603865148006147,1.4154487788066142e-06
cid_56c2cdb84550cd25e92d954b,H4CSN2,mp-721896,mp-23930,26,62,structures/cid_56c2cdb84550cd25e92d954b_polar.json,4.84222734596087,4.842227345960869,-6.046623437500287,0.0,3.3423,3.3203,1,0.00015232096673675107,7.763295482755371e-06
cid_56c2be6e4550cd25e92d73ba,PbO,mp-550714,mp-20878,29,57,structures/cid_56c2be6e4550cd25e92d73ba_polar.json,54.297268789588834,54.297268789588834,-1.940818750000517,5.964067499999892,2.2317000000000005,2.1605,1,0.027096564995069836,7.832330268443131e-05
cid_56c2cb3b4550cd25e92d8f29,TiCdO3,mp-20940,mp-14550,26,62,structures/cid_56c2cb3b4550cd25e92d8f29_polar.json,37.19308167354881,37.19308167354881,2.7947564999992736,2.7947564999992736,2.4633,2.1242,1,0.021908593562546128,4.897255195318172e-06
cid_56c2bddb4550cd25e92d72df,MgH2,mp-569051,mp-23711,29,60,structures/cid_56c2bddb4550cd25e92d72df_polar.json,30.936253670835544,30.936253670835544,-39.56570083333322,0.0,2.365,2.1839,1,0.03940656242847953,0.00020384447192932812
cid_56c2be714550cd25e92d73c1,NaNbO3,mp-558920,mp-3671,29,57,structures/cid_56c2be714550cd25e92d73c1_polar.json,31.481270457023157,31.48127045702316,-0.023582249999876126,7.308363750000879,2.4044999999999996,1.9364999999999999,1,0.014212272963793604,2.909468220977228e-05
cid_56c2c38e4550cd25e92d7dd6,Bi2MoO6,mp-25708,mp-567075,29,61,structures/cid_56c2c38e4550cd25e92d7dd6_polar.json,7.709829976232937,7.709829976232938,44.570781666666726,44.570781666666726,2.0776999999999997,0.6017000000000001,0,1.000435406739406,7.73816784022656e-05
cid_56c2becd4550cd25e92d7428,ZrO2,mp-556605,mp-1565,29,225,structures/cid_56c2becd4550cd25e92d7428_polar.json,51.160154493966346,51.160154493966346,47.46386583333262,54.57132999999992,3.7098999999999998,3.1213999999999995,1,0.017403174450075647,0.00041669699510776006
cid_56c2c38e4550cd25e92d7dd5,Bi2MoO6,mp-25708,mp-567326,29,64,structures/cid_56c2c38e4550cd25e92d7dd5_polar.json,7.709837006846291,7.709837006846291,45.62882555555614,45.62882555555614,2.0776999999999997,0.5242999999999993,0,1.000396095593869,3.9912093878432893e-05
cid_56c2be724550cd25e92d73c2,NaNbO3,mp-558920,mp-559354,29,63,structures/cid_56c2be724550cd25e92d73c2_polar.json,31.48227890127624,31.48227890127624,21.69072049999965,21.766992250000783,2.4044999999999996,1.6794,1,0.021077123146350078,1.6695928910959053e-05
cid_56c2c9954550cd25e92d8ca9,HfO2,mp-685097,mp-550893,29,225,structures/cid_56c2c9954550cd25e92d8ca9_polar.json,53.422066980856286,53.422066980856286,60.236901666668174,68.29977750000005,4.3766,3.8006,1,0.008875425132738105,0.0006097776733408952
cid_56c2cd4f4550cd25e92d9404,InHO2,mp-504535,mp-632711,31,58,structures/cid_56c2cd4f4550cd25e92d9404_polar.json,13.158649081385892,13.158649081385892,10.001889999999847,10.001889999999847,1.7811000000000003,1.7811000000000003,1,0.0014757978434327011,8.38079696103953e-06
cid_56c2c6c74550cd25e92d8636,HfPbO3,mp-669414,mp-22734,32,55,structures/cid_56c2c6c74550cd25e92d8636_polar.json,19.783495669941228,19.78349566994123,-3.2626570000005017,4.467520749999565,2.7954999999999997,2.6461999999999994,1,0.0033390582300493977,1.6051262490003965e-05
cid_56c2bdc64550cd25e92d72ce,TlHCO2,mp-558579,mp-557687,33,52,structures/cid_56c2bdc64550cd25e92d72ce_polar.json,0.7594168698973989,0.7594168698973989,-0.09592950000048006,0.0,3.5007,3.4887,1,0.0001443208436357905,3.6594861274108068e-06
cid_56c2be994550cd25e92d73fb,SbO2,mp-230,mp-560098,33,52,structures/cid_56c2be994550cd25e92d73fb_polar.json,4.578305333444004,4.578305333444004,1.0990287499996754,972.4358466666665,1.8959000000000001,0.017100000000000115,0,0.28213435669167947,0.030449721228389362
cid_56c2c3454550cd25e92d7d9c,ZrPbO3,mp-647557,mp-542903,32,55,structures/cid_56c2c3454550cd25e92d7d9c_polar.json,23.52628957952823,23.52628957952823,-4.523024250001839,0.0,2.8441,2.7737,1,0.0011736761136252687,1.4389440130638065e-05
cid_56c2be2b4550cd25e92d7368,NbSbO4,mp-3491,mp-3612,33,52,structures/cid_56c2be2b4550cd25e92d7368_polar.json,18.096170928889844,18.096170928889844,0.2895687500013011,0.2895687500013011,2.4456999999999995,2.3856999999999995,1,0.0007081041644883155,5.9609359430541165e-06
cid_56c2c70f4550cd25e92d8690,TiTlPO5,mp-6706,mp-559607,33,52,structures/cid_56c2c70f4550cd25e92d8690_polar.json,22.12819747969203,22.12819747969203,3.5592425000006145,3.5592425000006145,2.6523999999999996,2.3217000000000003,1,0.011286425726283874,2.1827411007120577e-06
cid_56c2bf4a4550cd25e92d7532,SiO2,mp-554089,mp-10948,33,60,structures/cid_56c2bf4a4550cd25e92d7532_polar.json,89.92783638242211,89.92783638242211,251.814589166667,548.3897825000001,5.6545,3.5563000000000002,0,0.9767058604311192,0.010632036932120188
cid_56c2c3274550cd25e92d7d6e,AlHg2SbCl4,mp-570828,mp-568001,33,60,structures/cid_56c2c3274550cd25e92d7d6e_polar.json,0.49364680097623526,0.49364680097623526,-0.39260562500009755,0.3111895312497559,0.8906999999999999,0.8434,1,0.0024815967083143204,8.153299171983595e-06
cid_56c2c3174550cd25e92d7d53,GaHg2SbCl4,mp-568031,mp-571190,33,60,structures/cid_56c2c3174550cd25e92d7d53_polar.json,0.5397238927225425,0.5397238927225425,-0.594112343750286,0.2202929687498134,0.8166,0.7467999999999999,1,0.0005453262527536821,1.4684996175491041e-06
cid_56c2c6e34550cd25e92d8661,K2FeF5,mp-579331,mp-555882,33,60,structures/cid_56c2c6e34550cd25e92d8661_polar.json,0.5471683517302358,0.5471683517302358,-0.03218898437573614,427.7677458593745,3.6649,0.30600000000000005,0,0.26863693113714765,0.08932833454749127
cid_56c2bfba4550cd25e92d7697,K2ZnCl4,mp-618177,mp-653454,33,62,structures/cid_56c2bfba4550cd25e92d7697_polar.json,2.2306732749441225,2.2306732749441225,-0.39531785714297385,0.0,4.4002,4.4002,1,0.00018520613458999856,1.0130254439824004e-06
cid_56c2c3094550cd25e92d7d40,MgSiO3,mp-557803,mp-5026,33,60,structures/cid_56c2c3094550cd25e92d7d40_polar.json,1.1108532551137624,1.1108532551137624,-4.463862749998881,115.91482175000056,4.6615,4.5944,1,0.004856973728925329,0.0008995708354400928
cid_56c2c6b54550cd25e92d8623,Rb2CoCl4,mp-571242,mp-23076,33,62,structures/cid_56c2c6b54550cd25e92d8623_polar.json,0.07907740176563215,0.07907740176563215,-1.484608571428403,130.53924999999998,0.8309,0.26880000000000004,0,0.07642961091112412,0.03135367953404388
cid_56c2d9e04550cd25e92dac97,LiVPO4,mp-765022,mp-761338,33,60,structures/cid_56c2d9e04550cd25e92dac97_polar.json,0.12643811634265173,0.12643811634265173,-1.3250989285715775,0.0,2.6671000000000005,2.6661,1,6.834439483008538e-05,7.52458985512732e-07
cid_56c2beb84550cd25e92d7411,Rb2ZnCl4,mp-616185,mp-608314,33,62,structures/cid_56c2beb84550cd25e92d7411_polar.json,0.26628560807053414,0.26628560807053414,-0.3605271428570589,0.0,4.4486,4.4486,1,0.000279930044200016,1.934613395856826e-06
cid_56c2be344550cd25e92d7371,Ba2CrO4,mp-566511,mp-19703,33,62,structures/cid_56c2be344550cd25e92d7371_polar.json,2.7021511405133958,2.7021511405133953,-0.15375607142864567,75.38259749999997,1.7997999999999998,1.7958999999999996,0,0.005680281963889253,0.022421390947645652
cid_56c2cea54550cd25e92d9701,H3ClO5,mp-625175,mp-625148,33,62,structures/cid_56c2cea54550cd25e92d9701_polar.json,5.234242846616216,5.234242846616216,46.915437500000046,208.8109327777774,5.3835999999999995,5.0382,1,0.010173620115010149,0.002364550724480765
cid_56c2ce4e4550cd25e92d9675,H4NClO4,mp-698084,mp-706586,33,62,structures/cid_56c2ce4e4550cd25e92d9675_polar.json,2.203500207585305,2.203500207585305,-1.201720500000114,34.00842025000017,5.2674,5.2674,1,0.0032654568293779065,0.00020933366534919148
cid_56c2cd384550cd25e92d93e6,H8S(NO2)2,mp-24468,mp-23876,33,62,structures/cid_56c2cd384550cd25e92d93e6_polar.json,0.0017976311255299793,0.0017976311255299793,7.34995100000102,34.874554500000876,5.0725999999999996,4.843,1,0.029984683442866766,0.00010236661743640725
cid_56c2dd174550cd25e92db217,CrO3,mp-779941,mp-779986,33,62,structures/cid_56c2dd174550cd25e92db217_polar.json,0.370531454996211,0.370531454996211,21.37357750000035,21.37357750000035,1.5745,1.2345,1,0.016313321821138784,0.0001021035280142298
cid_56c2c3434550cd25e92d7d9a,KEr2F7,mp-27925,mp-558238,33,62,structures/cid_56c2c3434550cd25e92d7d9a_polar.json,1.527275485606641,1.527275485606641,-0.050101999999441205,0.0,6.9426000000000005,6.9366,1,0.00165687164049271,7.580737129675827e-06
cid_56c2c0134550cd25e92d777f,PbCN2,mp-619032,mp-19727,33,62,structures/cid_56c2c0134550cd25e92d777f_polar.json,10.543112956925123,10.543112956925123,-3.248878750000017,0.0,1.8531999999999997,1.8531999999999997,1,0.00019919487223443957,3.509154204557563e-06
cid_56c2c67b4550cd25e92d85dd,TiCdO3,mp-5052,mp-14550,33,62,structures/cid_56c2c67b4550cd25e92d85dd_polar.json,34.83230967737538,34.83230967737538,3.5632195000001587,3.5632195000001587,2.4146,2.1199999999999997,1,0.021078308986734687,1.5620586668878987e-05
cid_56c2c1294550cd25e92d78fa,InBiO3,mp-556892,mp-561102,33,62,structures/cid_56c2c1294550cd25e92d78fa_polar.json,64.74323849972691,64.74323849972691,11.034071999999284,173.8984884999999,2.7737,1.1715,0,0.4086201207646045,0.0016711699646594228
cid_56c2c3614550cd25e92d7db9,NbPO5,mp-556918,mp-5803,33,62,structures/cid_56c2c3614550cd25e92d7db9_polar.json,4.020326841267374,4.020326841267374,-0.605449999998342,0.0,2.2581,2.165,1,0.002009066501000765,2.4311073820839623e-06
cid_56c2d4a24550cd25e92da276,LiMnPO4,mp-780646,mp-18997,33,62,structures/cid_56c2d4a24550cd25e92da276_polar.json,13.017072035832154,13.017072035832152,-66.74566821428662,499.41928714285666,3.1529000000000003,2.1416000000000004,0,0.17484970902470096,0.11664628486893501
cid_56c2c6744550cd25e92d85d5,CsZnPO4,mp-559752,mp-18673,33,62,structures/cid_56c2c6744550cd25e92d85d5_polar.json,0.9624499567446199,0.96244995674462,12.272304642857002,13.887306071429073,3.9656,3.8838000000000004,1,0.0003639296628931782,0.0002217152730556827
cid_56c2d5b94550cd25e92da494,LiMnPO4,mp-761551,mp-868359,33,62,structures/cid_56c2d5b94550cd25e92da494_polar.json,23.169574518117827,23.169574518117827,14.43030357142927,526.8263010714289,3.0320000000000005,2.1607,0,0.13803588654284946,0.09852609818535837
cid_56c2c0554550cd25e92d7803,PbN6,mp-620058,mp-667338,33,62,structures/cid_56c2c0554550cd25e92d7803_polar.json,0.42946024772864444,0.4294602477286444,-0.32794464285679226,0.0,2.2917999999999994,2.2855999999999996,1,0.0035546797224979,1.9815265607846695e-06
cid_56c2da4f4550cd25e92dad4c,LiMnPO4,mp-766735,mp-868359,33,62,structures/cid_56c2da4f4550cd25e92dad4c_polar.json,5.3237804433412785,5.3237804433412785,29.86187000000129,521.7125239285716,3.3658999999999994,2.2513000000000005,0,0.16807033443998623,0.12278604052718811
cid_56c2de294550cd25e92db381,Li2FeF4,mp-777471,mp-777588,33,63,structures/cid_56c2de294550cd25e92db381_polar.json,57.169818200651285,57.169818200651285,45.05446285714321,489.82523928571453,3.5611999999999995,3.1644,0,0.14727374417905648,0.029500264738771553
cid_56c2d37d4550cd25e92da038,LiVSiO4,mp-767103,mp-767620,33,62,structures/cid_56c2d37d4550cd25e92da038_polar.json,1.6973644948681221,1.6973644948681224,18.772486428570545,257.87103857142847,2.635,1.3988000000000005,0,0.12563752159357136,0.030200539298791552
cid_56c2d58d4550cd25e92da433,LiCrPO4,mp-761399,mp-761401,33,63,structures/cid_56c2d58d4550cd25e92da433_polar.json,38.154515386568235,38.154515386568235,27.63620642857134,434.70456250000035,2.6497,1.2374999999999994,0,0.2655525625226173,0.07367725117267303
cid_56c2da774550cd25e92dadad,LiFePO4,mp-766763,mp-765913,33,63,structures/cid_56c2da774550cd25e92dadad_polar.json,25.220578847257126,25.22057884725713,13.12685035714356,474.79125821428613,3.3203000000000005,2.7118,0,0.1602029935170278,0.02660626374509619
cid_56c2d4a44550cd25e92da27d,LiMnPO4,mp-780646,mp-765871,33,63,structures/cid_56c2d4a44550cd25e92da27d_polar.json,13.017094694595102,13.017094694595102,10.813681071429215,504.51095642857257,3.1529000000000003,1.7579999999999996,0,0.13564205833428014,0.15688267185033303
cid_56c2bded4550cd25e92d72fd,CaAl2Si2(H2O5)2,mp-24603,mp-733653,33,63,structures/cid_56c2bded4550cd25e92d72fd_polar.json,4.19884280247736,4.19884280247736,4.739087236841577,32.76409749999942,5.0509,5.0509,1,0.0017284250915492927,0.000315827243015348
cid_56c2c6a34550cd25e92d8608,InCl,mp-571636,mp-571555,36,63,structures/cid_56c2c6a34550cd25e92d8608_polar.json,3.812813787627579,3.812813787627579,-0.12354749999987646,0.0,1.4193000000000002,1.4084000000000003,1,0.0009461754526442378,2.299284839889394e-05
cid_56c2bf5b4550cd25e92d757a,SiO2,mp-554089,mp-7905,33,72,structures/cid_56c2bf5b4550cd25e92d757a_polar.json,89.04400616476215,89.04400616476215,414.9853858333339,1480.6490408333327,5.6545,2.7590000000000003,0,0.3328401600903445,0.012634031951530037
cid_56c2e56d4550cd25e92dc31c,LiMnPO4,mp-867520,mp-765871,33,63,structures/cid_56c2e56d4550cd25e92dc31c_polar.json,24.597299800214458,24.597299800214458,9.52270071428618,565.1023507142856,3.0149,2.0220999999999996,0,0.11830685254002456,0.0966547373632071
cid_56c2bf554550cd25e92d7568,SiO2,mp-554089,mp-10064,33,225,structures/cid_56c2bf554550cd25e92d7568_polar.json,89.93015026003735,89.93015026003735,1268.8795549999998,1315.257049166666,5.6545,0.25210000000000043,0,1.0004669156829151,0.009246123439188939
cid_56c2c1064550cd25e92d78de,Ag2WO4,mp-637188,mp-504466,34,58,structures/cid_56c2c1064550cd25e92d78de_polar.json,1.014265609274019,1.014265609274019,-2.5972525000002022,0.0,1.7994,1.7993,1,0.00019368815662829827,5.108926426221491e-06
cid_56c2ccea4550cd25e92d9367,Ag2S,mp-32669,mp-36216,36,63,structures/cid_56c2ccea4550cd25e92d9367_polar.json,0.39760551607449096,0.39760551607449096,2.57403583333371,2.57403583333371,1.3763999999999998,1.1379000000000001,1,0.0003552699715415457,4.969301101965236e-06
cid_56c2bfc94550cd25e92d76ac,Sr2Ta2O7,mp-13664,mp-12286,36,63,structures/cid_56c2bfc94550cd25e92d76ac_polar.json,2.9891032211122326,2.9891032211122326,-0.056473863635275734,0.07381659090910375,2.9282000000000004,2.902,1,0.0005193491478342718,2.0181091633637654e-05
cid_56c2c1134550cd25e92d78e8,Cs2PbO3,mp-21521,mp-21283,36,63,structures/cid_56c2c1134550cd25e92d78e8_polar.json,7.2182174632884,7.2182174632884,0.4189599999993021,0.4189599999993021,1.4042,1.3786,1,0.002470832173843783,5.762107040397885e-06
cid_56c2ccea4550cd25e92d9366,Ag2S,mp-32669,mp-32791,36,64,structures/cid_56c2ccea4550cd25e92d9366_polar.json,48.87414375307055,48.87414375307055,82.0131316666668,82.0131316666668,1.3763999999999998,0.14100000000000001,0,0.7576257356403355,7.375162341377092e-05
cid_56c2cf9c4550cd25e92d993a,U(HO2)2,mp-626885,mp-626876,36,64,structures/cid_56c2cf9c4550cd25e92d993a_polar.json,2.8537490324538464,2.8537490324538464,95.25655749999996,175.34558321428585,1.8502999999999998,1.7772000000000001,1,0.013086681677501658,0.0008574400925868434
cid_56c2c18e4550cd25e92d7a02,Ag10Te4Br3,mp-568386,mp-568392,36,63,structures/cid_56c2c18e4550cd25e92d7a02_polar.json,3.8627579800946044,3.8627579800946044,-2.4130514705880124,0.0,0.8677999999999999,0.7238000000000002,1,0.00038057254616927737,5.748554300474471e-06
cid_56c2bede4550cd25e92d7453,SiO2,mp-16964,mp-560826,36,63,structures/cid_56c2bede4550cd25e92d7453_polar.json,0.160251867827613,0.160251867827613,4.192539722220445,4.800818194444112,5.667,5.4118,1,0.00044243939104012176,7.117244935473723e-05
cid_56c2cfb44550cd25e92d9964,HBr,mp-632229,mp-634105,36,69,structures/cid_56c2cfb44550cd25e92d9964_polar.json,72.51796220928972,72.51796220928972,319.34636875000024,787.3398775000001,4.7593,1.0232,0,1.0000059439167486,0.022043055794900707
cid_56c2cf9c4550cd25e92d9939,U(HO2)2,mp-626885,mp-626864,36,64,structures/cid_56c2cf9c4550cd25e92d9939_polar.json,2.8534054939863736,2.8534054939863736,-3.663963571428397,0.0,1.8502999999999998,1.6745999999999999,1,0.013300784752356095,0.0004968981686303146
cid_56c2c7574550cd25e92d86eb,SiO2,mp-557264,mp-559313,36,64,structures/cid_56c2c7574550cd25e92d86eb_polar.json,0.1617452244896291,0.1617452244896291,3.722883333333371,6.672532291666755,5.4282,5.366499999999999,1,0.0007977722667806529,2.2711625242960592e-05
cid_56c2cb484550cd25e92d8f4b,SiO2,mp-556218,mp-560826,36,63,structures/cid_56c2cb484550cd25e92d8f4b_polar.json,0.00906957886036552,0.00906957886036552,3.7797908333327968,3.7797908333327968,5.602,5.4117,1,0.0002978364948884339,5.256827944042219e-06
cid_56c2ccbd4550cd25e92d9338,TlF,mp-558134,mp-2175,39,225,structures/cid_56c2ccbd4550cd25e92d9338_polar.json,6.37188322531995,6.37188322531995,30.002046249999914,30.002046249999914,3.1073999999999997,2.6155999999999997,1,0.0003996836712154858,2.3889273333316218e-05
cid_56c2c9a54550cd25e92d8cc4,PbF2,mp-685150,mp-315,41,225,structures/cid_56c2c9a54550cd25e92d8cc4_polar.json,5.016909931169435,5.016909931169435,-2.351110833334502,0.0,4.3727,4.3727,1,0.0003269194442017888,3.697609622079506e-06
cid_56c2e60a4550cd25e92dc48d,Al11AgO17,mp-849760,mp-766293,40,63,structures/cid_56c2e60a4550cd25e92dc48d_polar.json,2.3879534767122976,2.3879534767122976,0.41265043103333454,0.41265043103333454,3.1460000000000004,3.0235,1,0.0014984325450460821,0.0003050291187946409
cid_56c2cffe4550cd25e92d9a07,LiB13C2,mp-638070,mp-655591,44,74,structures/cid_56c2cffe4550cd25e92d9a07_polar.json,0.7817034264120399,0.7817034264120399,-0.07223249999999126,0.0,2.5549,2.5404,1,0.00019085624491195654,3.903683293982351e-07
cid_56c2ca464550cd25e92d8e44,RbHF2,mp-677103,mp-29764,46,140,structures/cid_56c2ca464550cd25e92d8e44_polar.json,1.550994258057149,1.550994258057149,-1.1934731250002883,0.0,6.6571,6.6571,1,0.00041182578079336073,2.463335782566735e-06
cid_56c2cb7b4550cd25e92d8faf,Na2MgAlF7,mp-19931,mp-6319,46,74,structures/cid_56c2cb7b4550cd25e92d8faf_polar.json,1.053385936820778,1.053385936820778,-0.23642681818181188,0.0,6.6627,6.649500000000001,1,0.00034498937085666187,6.996056277780865e-06
cid_56c2bdd34550cd25e92d72db,BaTiO3,mp-5986,mp-2998,99,221,structures/cid_56c2bdd34550cd25e92d72db_polar.json,45.90206751620079,45.90206751620079,11.334081999998524,11.334081999998524,1.847,1.7264,1,0.03027788098730028,1.310109755124596e-05
cid_56c2c21a4550cd25e92d7afb,BaTiO3,mp-12992,mp-2998,99,221,structures/cid_56c2c21a4550cd25e92d7afb_polar.json,46.69829133318095,46.69829133318095,11.368860000001035,11.368860000001035,1.8485999999999998,1.7271,1,0.030941573434138597,1.0774244977973605e-05
cid_56c2be7d4550cd25e92d73ce,KNbO3,mp-4342,mp-935811,99,221,structures/cid_56c2be7d4550cd25e92d73ce_polar.json,48.67171879785538,48.67171879785538,10.70315399999977,10.70315399999977,1.5627999999999997,1.4650999999999998,1,0.04851597679220782,1.782105456404167e-05
cid_56c2bdf84550cd25e92d730d,SrHfO3,mp-13108,mp-4551,99,221,structures/cid_56c2bdf84550cd25e92d730d_polar.json,15.12745462281164,15.12745462281164,0.015635999998764305,0.015635999998764305,3.7929000000000004,3.7826,1,0.0005176720364221278,1.1248423705424314e-06
cid_56c2bdf84550cd25e92d730e,TiPbO3,mp-20459,mp-19845,99,221,structures/cid_56c2bdf84550cd25e92d730e_polar.json,116.76333533611641,116.76333533611641,40.011545999999676,41.133274000000775,1.9584000000000001,1.755,1,0.04573480540342123,2.2220933452943567e-05
cid_56c2c08c4550cd25e92d7840,K2Zn6O7,mp-559112,mp-540728,102,136,structures/cid_56c2c08c4550cd25e92d7840_polar.json,2.534877845775118,2.5348778457751187,-0.9320516666662115,0.0,0.7946,0.7283000000000002,1,0.0008176422112756782,6.088338956902911e-06
cid_56c2bde84550cd25e92d72fa,Ag3SI,mp-22995,mp-676561,146,155,structures/cid_56c2bde84550cd25e92d72fa_polar.json,11.736845961450474,11.736847646123293,10.855524666666838,41.276240000000186,0.5133999999999999,0.32299999999999995,1,0.01967013477928065,9.943280485510623e-05
cid_56c2c06a4550cd25e92d7812,Al3Pb5F19,mp-541732,mp-557911,108,140,structures/cid_56c2c06a4550cd25e92d7812_polar.json,13.864083449536132,13.864083449536132,20.451596481481538,20.451596481481538,5.1744,4.812099999999999,1,0.002169051720138549,1.2950772501562557e-05
cid_56c2ced54550cd25e92d9759,La(HO)3,mp-625733,mp-625394,173,176,structures/cid_56c2ced54550cd25e92d9759_polar.json,17.90911331481402,17.909113318718358,-1.6480314285711728,0.0,3.9998,3.7056999999999998,1,0.0014460429988095173,1.0239550639128354e-05
cid_56c2bdb54550cd25e92d72ba,LiNbO3,mp-3731,mp-552588,161,167,structures/cid_56c2bdb54550cd25e92d72ba_polar.json,84.52978843311499,84.52997623663585,30.776858333333657,319.0554183333338,3.3609,2.1053999999999995,0,0.1804386964463417,0.0022557759692223064
cid_56c2cec34550cd25e92d973d,Y(HO)3,mp-625677,mp-24076,173,176,structures/cid_56c2cec34550cd25e92d973d_polar.json,7.734751239256424,7.734751239256424,-0.9782228571424412,0.0,3.8902,3.7418,1,0.00011913114244552465,4.882505497161561e-06
cid_56c2c2804550cd25e92d7c03,SiO2,mp-554946,mp-644923,44,119,structures/cid_56c2c2804550cd25e92d7c03_polar.json,0.026273728393374954,0.026273728393374954,5.000878368055517,5.000878368055517,5.7087,5.6941,1,0.00020063588119826673,6.652709492385667e-06
cid_56c2ccfe4550cd25e92d9383,Ca5P3ClO12,mp-39460,mp-554236,173,176,structures/cid_56c2ccfe4550cd25e92d9383_polar.json,2.13163643978677,2.13163643978677,0.6324366666667913,0.6324366666667913,5.369,5.3026,1,0.0027588012940537184,5.638641398587283e-06
cid_56c2c98f4550cd25e92d8c9e,WO3,mp-32662,mp-32777,185,193,structures/cid_56c2c98f4550cd25e92d8c9e_polar.json,21.03226887841094,21.03226886394258,0.5751175000003883,1.2330083333331743,1.4794,1.183,1,0.0053477640784710175,1.1544026741149698e-05
cid_56c2c3874550cd25e92d7dd2,NdF3,mp-18511,mp-18074,185,193,structures/cid_56c2c3874550cd25e92d7dd2_polar.json,17.586894579943618,17.586894579943618,171.40859416666743,171.40859416666743,7.6575999999999995,5.4319,1,0.03160779080637236,0.0002754297883650083
cid_56c2bdbe4550cd25e92d72bf,AlN,mp-661,mp-13178,186,194,structures/cid_56c2bdbe4550cd25e92d72bf_polar.json,133.00769604020786,133.00769581069008,115.28795999999986,118.94947499999998,4.0631,3.0421000000000005,0,0.14600308029117784,0.00039434764373367587
cid_56c2cdbc4550cd25e92d954f,K6BiH3(Cl2F)4,mp-696998,mp-723540,186,194,structures/cid_56c2cdbc4550cd25e92d954f_polar.json,0.07480512676425194,0.07480512676425194,-0.6491838636364378,0.0,4.1915000000000004,4.1789000000000005,1,0.0017043584204254952,2.9519646439000894e-06
cid_56c2c65a4550cd25e92d85b4,BaNiO3,mp-19241,mp-19138,186,194,structures/cid_56c2c65a4550cd25e92d85b4_polar.json,3.730056087817794,3.7300560914505074,0.23915800000029463,0.23915800000029463,1.5124,1.4979,1,0.0009755119323191686,9.726659057595229e-06
cid_56c2e8464550cd25e92dc924,Ag3SI,mp-675879,mp-676561,4,155,structures/cid_56c2e8464550cd25e92dc924_polar.json,0.6818556001789209,0.6818556184109237,2.244299000000005,8.90991699999999,0.2959999999999998,0.2959999999999998,1,0.0073623419394553465,2.363822330541927e-05
cid_56c2c98f4550cd25e92d8c9d,WO3,mp-32662,mp-559175,185,191,structures/cid_56c2c98f4550cd25e92d8c9d_polar.json,21.032202310267355,21.03220229579895,1.3545383333335437,1.3545383333335437,1.4794,1.1381000000000001,1,0.01854276156966022,6.2000411290238875e-06
cid_56c2c98f4550cd25e92d8c9f,WO3,mp-32662,mp-715590,185,191,structures/cid_56c2c98f4550cd25e92d8c9f_polar.json,21.032238037064456,21.032238022596076,1.3647312499998066,1.3647312499998066,1.4794,1.1409,1,0.008770931715869582,2.597085876745652e-06
cid_56c2e4624550cd25e92dc0c2,Cs4CO4,mp-562815,mp-605824,146,215,structures/cid_56c2e4624550cd25e92dc0c2_polar.json,1.6948379279133472,1.6948870910735052,-2.841282222222574,0.0,1.598,1.5846999999999998,1,0.0019446117192161597,4.002343772200797e-05
cid_56c2e64f4550cd25e92dc52c,Ti3(BiO3)4,mp-622198,mp-23335,41,139,structures/cid_56c2e64f4550cd25e92dc52c_polar.json,11.461587904564475,11.461587904564475,23.300726973683794,23.300726973683794,1.6116000000000001,1.3824999999999994,1,0.0031294296950586235,0.0009464175410297123
cid_56c2ccd84550cd25e92d9359,K4CO4,mp-545630,mp-551736,160,215,structures/cid_56c2ccd84550cd25e92d9359_polar.json,14.589195224692476,14.589204277105036,-1.9213318518511713,0.0,1.9490000000000003,1.9490000000000003,1,0.007327406438657722,1.5845426788734123e-05
cid_56c2c06d4550cd25e92d7814,K3SbS4,mp-9781,mp-9911,36,217,structures/cid_56c2c06d4550cd25e92d7814_polar.json,1.0330545645303657,1.0330545645303657,7.755045312499931,7.755045312499931,2.1681999999999997,2.1326,1,0.002299247361512782,1.4175804663209117e-05
cid_56c2c31e4550cd25e92d7d5e,Rb4CO4,mp-550314,mp-546320,146,215,structures/cid_56c2c31e4550cd25e92d7d5e_polar.json,0.5985364410186806,0.5985548903666416,-0.5463433333323664,0.0,1.7222,1.7222,1,0.0005306694688902853,3.7755121103628166e-06
cid_56c2c31a4550cd25e92d7d55,Na4CO4,mp-552623,mp-551886,146,215,structures/cid_56c2c31a4550cd25e92d7d55_polar.json,3.5549348637282225,3.5549349863801454,-1.1342107407408264,0.0,1.9009999999999998,1.9009999999999998,1,0.0006121131018597753,3.5120012923705774e-06
cid_56c2d7984550cd25e92da85b,LiVF4,mp-764895,mp-766952,4,10,structures/cid_56c2d7984550cd25e92da85b_polar.json,47.754352130158715,47.754352130544994,48.768874166666976,562.3065125000011,2.3026999999999997,2.1691000000000003,0,0.18883168879472656,0.008554387158712953
cid_56c2cee74550cd25e92d9795,Sn3(HO2)2,mp-625789,mp-625541,9,114,structures/cid_56c2cee74550cd25e92d9795_polar.json,1.5705373637938196,1.6084282761572544,-7.729701944443335,0.0,2.4655,2.3116,1,0.004078559518716821,1.4034960930328298e-05
cid_56c2be154550cd25e92d7343,K4CO4,mp-545387,mp-551736,146,215,structures/cid_56c2be154550cd25e92d7343_polar.json,2.582094543265858,2.5822236415466002,-1.0115299999995386,0.0,2.2769000000000004,2.2769000000000004,1,0.004497758428690811,3.6351932694436284e-06
cid_56c2e6534550cd25e92dc538,CsPbCl3,mp-675524,mp-23037,38,221,structures/cid_56c2e6534550cd25e92dc538_polar.json,2.258054614951274,2.258054614951274,7.265081500000381,7.265081500000381,2.5799,2.4071,1,0.00016304890599840282,1.2611015414624421e-05
cid_56c2cb814550cd25e92d8fbb,Na4CO4,mp-552941,mp-551886,146,215,structures/cid_56c2cb814550cd25e92d8fbb_polar.json,56.233967274507776,56.23399321271252,153.32967296296295,180.2193288888887,2.16,1.6053000000000002,0,0.41035916694371144,0.0017313318283303518
cid_56c2d2814550cd25e92d9e39,Li2FeSiO4,mp-764344,mp-762566,4,20,structures/cid_56c2d2814550cd25e92d9e39_polar.json,76.08479924824738,76.08479924824172,-12.987942499999683,614.2545306249998,2.9829000000000003,2.2291000000000003,0,0.19031830173907074,0.022453592290057858
cid_56c2c0c54550cd25e92d788d,SrTa2Bi2O9,mp-23089,mp-554675,36,139,structures/cid_56c2c0c54550cd25e92d788d_polar.json,36.888750461914675,36.88875046191468,28.1157076785723,28.1157076785723,2.4901999999999997,1.9456000000000002,1,0.01577115225955571,0.0022557836539282123
cid_56c2c0c94550cd25e92d7895,SrTa2Bi2O9,mp-559951,mp-554675,41,139,structures/cid_56c2c0c94550cd25e92d7895_polar.json,38.27998082011226,38.27998082011226,18.975410535714943,18.975410535714943,2.3015,1.9250000000000003,1,0.014612468704687034,5.261986919681749e-05
cid_56c2cefb4550cd25e92d97bd,NaHO,mp-626000,mp-23891,4,63,structures/cid_56c2cefb4550cd25e92d97bd_polar.json,10.704577615447262,10.704577613503462,1.0230133333335445,2.3264983333328715,2.9884,2.7943,1,0.0009876301897867965,3.5791951259823024e-06
cid_56c2e5bb4550cd25e92dc3b3,YScO3,mp-769007,mp-768479,185,194,structures/cid_56c2e5bb4550cd25e92dc3b3_polar.json,6.562025551801061,6.5620255547013295,10.857856666666166,10.857856666666166,3.1353,3.1353,1,0.003189956544160984,7.554280175732653e-06
cid_56c2e5cb4550cd25e92dc3d3,ScGaO3,mp-769079,mp-754165,185,194,structures/cid_56c2e5cb4550cd25e92dc3d3_polar.json,10.01174346628049,10.011743469318208,13.282816666666086,13.282816666666086,3.157,2.7044,1,0.002127800989321552,1.9811086525610743e-05
cid_56c2c6ef4550cd25e92d866a,CsPbF3,mp-20282,mp-5811,161,221,structures/cid_56c2c6ef4550cd25e92d866a_polar.json,0.6725595930761546,0.6725610342428398,4.607006333332997,4.607006333332997,3.3521,2.9229000000000003,1,0.0010979560110082121,9.815835575825485e-06
cid_56c2cb9a4550cd25e92d8ffa,Li4CO4,mp-550593,mp-546202,160,215,structures/cid_56c2cb9a4550cd25e92d8ffa_polar.json,16.641261549602604,16.64126265357427,3.3483625925931904,3.3483625925931904,4.21,4.21,1,0.0007477204685197149,9.062034670232865e-06
cid_56c2ca2b4550cd25e92d8e1d,LuGaO3,mp-768505,mp-755342,185,194,structures/cid_56c2ca2b4550cd25e92d8e1d_polar.json,8.049018980434978,8.04901898360506,21.23250833333401,21.23250833333401,2.8871999999999995,2.4752,1,0.004914125059808927,1.5706608385060573e-05
cid_56c2c30c4550cd25e92d7d47,Rb6Si10O23,mp-555837,mp-561189,38,189,structures/cid_56c2c30c4550cd25e92d7d47_polar.json,0.546235149245207,0.546235149245207,7.748736410255752,8.055576410256116,4.2364,4.038399999999999,1,0.0015546464667380632,1.1439302668958571e-05
cid_56c2e6924550cd25e92dc5ac,LiZr2(PO4)3,mp-681439,mp-541661,5,167,structures/cid_56c2e6924550cd25e92dc5ac_polar.json,8.022822529276059,8.022822529262175,2.7633176388901504,2.8406943055552247,4.222700000000001,4.1339,1,0.002966993406231538,1.0919605383153322e-05
cid_56c2c3aa4550cd25e92d7df7,Rb6Si10O23,mp-27376,mp-561189,38,189,structures/cid_56c2c3aa4550cd25e92d7df7_polar.json,0.09623742267891017,0.09623742267891017,12.879794871794914,13.365331923077761,4.3301,4.0381,1,0.0015916400984868934,1.821422794419433e-05
cid_56c2e1304550cd25e92dba06,RbP(HO2)2,mp-23667,mp-642831,43,122,structures/cid_56c2e1304550cd25e92dba06_polar.json,5.44877924437746,5.44877924437746,5.859588906250046,5.859588906250046,5.246600000000001,5.246600000000001,1,0.001851917903969414,3.0544129967972457e-06
cid_58775a5e9680e57ed97742da,AlBiO3,mvc-3494,mvc-13972,185,194,structures/cid_58775a5e9680e57ed97742da_polar.json,4.827182619338913,4.827182621713455,347.63534366666704,347.63534366666704,0.7707999999999995,0.6351000000000004,1,0.09722400364140728,0.0003726281832885459
cid_5875c29ec466e4344cd8126d,Li4CO4,mp-550498,mp-551740,5,121,structures/cid_5875c29ec466e4344cd8126d_polar.json,0.07098062086381388,0.07098061838987384,-1.042028888888602,0.0,4.7565,4.7565,1,9.288386519561034e-05,4.154857159640974e-06
cid_5875c45cc466e4344cd8126f,BaTiO3,mp-5020,mp-2998,160,221,structures/cid_5875c45cc466e4344cd8126f_polar.json,49.924933826568946,49.925347349669174,14.369390666666426,14.369390666666426,2.5252000000000003,1.6574,1,0.02337759906098375,1.3856425076199662e-05
cid_56c2cd2d4550cd25e92d93d8,KP(HO2)2,mp-23959,mp-696752,43,122,structures/cid_56c2cd2d4550cd25e92d93d8_polar.json,5.198006398163373,5.198006398163373,4.811890312499401,4.811890312499401,5.4302,5.4302,1,0.000664771724683695,3.6110055697414922e-06
cid_5875de84c466e4344cd8127c,NaNbO3,mp-4681,mp-4419,26,127,structures/cid_5875de84c466e4344cd8127c_polar.json,53.925184466330485,53.925184466330485,15.03030900000013,15.03030900000013,2.3575,1.5457999999999998,1,0.02411213867355208,1.6477403213882085e-05
cid_5876f9ad4f0f1a38edd2877e,KNbO3,mp-7375,mp-935811,160,221,structures/cid_5876f9ad4f0f1a38edd2877e_polar.json,50.744360005206794,50.74475326201998,12.906513333333258,12.906513333333258,2.3108,1.4319,1,0.022454886425348874,7.929108297698922e-06
cid_5876f99e4f0f1a38edd2877d,KNbO3,mp-5246,mp-935811,38,221,structures/cid_5876f99e4f0f1a38edd2877d_polar.json,51.34322862455768,51.34322862455768,12.772314999999423,12.772314999999423,2.0919,1.4151,1,0.02656274603948227,7.881195792786e-06
cid_5876faaa4f0f1a38edd28781,Nb2Bi2PbO9,mp-583454,mp-23101,36,139,structures/cid_5876faaa4f0f1a38edd28781_polar.json,38.05432040852675,38.05432040852675,41.0943291071435,41.0943291071435,2.3162000000000003,1.3133,1,0.030019059917399962,6.36621145346875e-05
cid_5876fe2c4f0f1a38edd2878b,BaAl2O4,mp-4202,mp-619456,173,182,structures/cid_5876fe2c4f0f1a38edd2878b_polar.json,0.3211707684588515,0.3211707684588515,3.6094010714284863,3.76599214285811,4.1059,3.9421,1,8.307089690740676e-05,2.4268348985956373e-06
cid_5875d045c466e4344cd81275,BaTiO3,mp-5777,mp-2998,38,221,structures/cid_5875d045c466e4344cd81275_polar.json,49.87601961601516,49.87601961601516,13.891981999998748,13.891981999998748,2.3554999999999997,1.6790999999999996,1,0.032961908166138115,1.628463729380564e-05
cid_5877047c67ae21057f399ade,Ag3SI,mp-675879,mp-558189,4,221,structures/cid_5877047c67ae21057f399ade_polar.json,0.6859731388152629,0.6859732938969156,41.339763999999946,41.339763999999946,0.2959999999999998,0.2959999999999998,1,0.004565362561077887,3.222370374517003e-05
cid_5876fe404f0f1a38edd2878c,BaAl2O4,mp-4202,mp-3828,173,182,structures/cid_5876fe404f0f1a38edd2878c_polar.json,0.31764153432301506,0.31764153432301506,3.605561964286075,3.7252662500000255,4.1059,3.9412,1,8.60829746401017e-05,4.703631996623501e-06
cid_58771cf5d520ef259b743202,LiNiPO4,mp-763061,mp-32324,33,63,structures/cid_58771cf5d520ef259b743202_polar.json,7.19832788216035,7.19832788216035,-65.37041785714325,250.66213178571405,3.1224,1.2437999999999998,0,0.15634606565942682,0.04944651851329376
cid_58772349d520ef259b743203,LiP3(WO6)2,mp-763531,mp-763372,5,167,structures/cid_58772349d520ef259b743203_polar.json,5.060376029760156,5.060376030952507,1.7762788888902037,43.459843611111104,2.5228,2.5023,0,0.0722829792546995,0.012080317916904903
cid_58772cc967ae210da7916ef0,SiO2,mp-555235,mp-7087,9,194,structures/cid_58772cc967ae210da7916ef0_polar.json,0.06753825895495594,0.06809948784836978,8.301402083333187,9.226659999999498,5.503299999999999,5.3708,1,0.00022255417537807043,1.94483809591549e-05
cid_58772d5ad520ef259b743207,LiFePO4,mp-762593,mp-765913,33,63,structures/cid_58772d5ad520ef259b743207_polar.json,5.176440029464931,5.176439792871701,16.49258238095186,695.7966766666673,3.4073,0.11249999999999982,0,1.0003125636579309,0.21631865276564263
cid_5877342e67ae210da7916efe,CaF2,mp-560030,mp-554355,26,123,structures/cid_5877342e67ae210da7916efe_polar.json,16.50766564927619,16.50766564927619,57.76041166666701,60.922845000000336,6.277200000000001,5.183299999999999,1,0.0020802142160146137,0.00032488355827852626
cid_58773ce89680e57ed97742c9,YSbO3,mvc-3460,mvc-14740,185,194,structures/cid_58773ce89680e57ed97742c9_polar.json,7.522544886147548,7.522544888183601,17.127253666665787,17.127253666665787,1.4773000000000005,1.4773000000000005,1,0.005909178085035662,1.2348035659693295e-05
cid_587737349680e57ed97742c3,YBiO3,mvc-3479,mvc-15941,185,194,structures/cid_587737349680e57ed97742c3_polar.json,9.682941965684357,9.682941966845387,34.95402833333383,34.95402833333383,2.0538000000000003,2.0538000000000003,1,0.007677893648159086,3.963763028830242e-05
cid_58772fdf67ae210da7916ef5,K2SeO4,mp-557025,mp-5226,33,62,structures/cid_58772fdf67ae210da7916ef5_polar.json,0.7152140665582213,0.7152140665582213,0.09971226190508276,0.4364236904761398,3.6536999999999997,3.6005,1,0.0001510650800330537,2.453266884036063e-06
cid_58775ed2d520ef259b74320e,LiVF6,mp-765122,mp-765966,33,225,structures/cid_58775ed2d520ef259b74320e_polar.json,1.2694665411712924,1.2694665411712924,-23.728989999999506,64.86097687499992,3.1606,3.0868,1,0.013061892305633139,0.00045249814281555524
cid_58777e9dd520ef259b743210,LiVPO4,mp-765022,mp-32425,33,63,structures/cid_58777e9dd520ef259b743210_polar.json,0.12686514784298233,0.12686514784298233,-1.8021978571436392,122.95406666666597,2.667,1.8876,0,0.008894506806864282,0.030414317540569388
cid_58778970d520ef259b743216,LiMnPO4,mp-766735,mp-31939,33,63,structures/cid_58778970d520ef259b743216_polar.json,5.334982763044047,5.334982763044047,-37.352056428570535,422.2184957142865,3.3669000000000002,1.9674999999999998,0,0.19205735537960053,0.10454574022580636
cid_58778b6fd520ef259b743218,KP(HO2)2,mp-757909,mp-24262,9,14,structures/cid_58778b6fd520ef259b743218_polar.json,0.5230465681740525,0.5185249526826311,2.5522420312498184,3.700918359374583,5.244199999999999,5.244199999999999,1,0.0006174200563514625,4.205268775258852e-06
cid_5878015fd520ef477ef34915,SiO2,mp-553881,mp-10948,7,60,structures/cid_5878015fd520ef477ef34915_polar.json,326.56821842287286,270.57900269654806,-106.13918416666657,547.3418283333328,3.5967,2.6691000000000003,0,0.4900342518992672,0.012367173327024283
cid_587802b7c466e47303bfbdfc,ScBiO3,mp-555313,mp-550008,9,221,structures/cid_587802b7c466e47303bfbdfc_polar.json,5.1975443260463186,5.68098235243882,323.88506649999994,323.88506649999994,2.6986,0.6955999999999998,1,0.011431448708976643,5.081575909437699e-05
cid_587802f0c466e47303bfbdfe,AlBiO3,mp-551918,mp-23080,161,221,structures/cid_587802f0c466e47303bfbdfe_polar.json,80.34160859770844,80.34163342829821,67.90441966666627,67.90441966666627,3.0761000000000003,1.8734000000000002,1,0.06263161509537002,0.00011448413192483026
cid_58780314c466e47303bfbdff,InBiO3,mp-556892,mp-545379,33,221,structures/cid_58780314c466e47303bfbdff_polar.json,64.74300663016113,64.74300663016113,467.03601950000007,467.03601950000007,2.7737,0.028200000000000003,1,0.03592322359994355,0.00026760689806813536
cid_5878092c3d16257175d217fc,TeO3,mvc-14734,mvc-14413,185,194,structures/cid_5878092c3d16257175d217fc_polar.json,0.0209509554324817,0.0209509554324817,1.7321587500003233,2.029689583333827,0.5484,0.37570000000000003,1,0.06261421613380584,1.2232038926642965e-05
cid_587863a8c466e47303bfbe07,SiO2,mp-555891,mp-7648,4,20,structures/cid_587863a8c466e47303bfbe07_polar.json,0.03637380516797998,0.03637374949637734,-0.30522583333336684,0.0,5.3892,5.3892,1,0.0003018451234516392,4.848486439215881e-06
cid_587842c03d16257175d21813,LiNiPO4,mp-868169,mp-32324,33,63,structures/cid_587842c03d16257175d21813_polar.json,0.20044776182209353,0.20044776182209353,-0.6792724999984401,30.559909285714504,3.3644999999999996,3.2188,1,0.0036396294046525,0.007378841070484714
cid_587866c1c466e47303bfbe0f,Na4CO4,mp-645295,mp-551886,8,215,structures/cid_587866c1c466e47303bfbe0f_polar.json,13.285381071564547,12.6433442742676,-0.1885805555561504,2.1729933333336504,1.7161,1.7161,1,0.0009970577813343256,5.1215488962809984e-06
cid_58786780c466e47303bfbe14,Rb4CO4,mp-551176,mp-550679,5,23,structures/cid_58786780c466e47303bfbe14_polar.json,14.604631761425752,14.604631763417359,-3.7003300000000294,1.834092777778018,1.4061000000000001,1.4061000000000001,1,0.0032857177154432212,1.3310499797981408e-05
cid_58786dd2c466e47303bfbe1a,K2ZnCl4,mp-647575,mp-653454,33,62,structures/cid_58786dd2c466e47303bfbe1a_polar.json,0.4622657957389419,0.4622657957389419,12.784085833332792,12.784085833332792,4.5069,4.413600000000001,1,0.0005338923741610409,4.148768069384538e-06
cid_58786fabc466e47303bfbe1d,Rb2ZnCl4,mp-568350,mp-608314,33,62,structures/cid_58786fabc466e47303bfbe1d_polar.json,0.4849157098539263,0.4849157098539263,5.585320714285302,5.585320714285302,4.5217,4.4388000000000005,1,0.0010533520372635972,5.761272876052067e-06
cid_58786cf6c466e47303bfbe18,Mg3B7ClO13,mp-23087,mp-23617,29,219,structures/cid_58786cf6c466e47303bfbe18_polar.json,0.3467107913308894,0.3467107913308894,10.267656145832582,10.267656145832582,5.6888,5.6888,1,0.002764732418929727,2.3777236724332112e-05
cid_58787960c466e47303bfbe25,Cr3B7ClO13,mp-579770,mp-566691,29,219,structures/cid_58787960c466e47303bfbe25_polar.json,1.5612591898703903,1.5612591898703905,0.16486864583331595,373.8355923958325,2.6835,0.011999999999999567,0,0.01775923316773847,0.08159272048980648
cid_58788e75c466e47303bfbe33,K3Nb3(BO6)2,mp-557711,mp-15248,26,189,structures/cid_58788e75c466e47303bfbe33_polar.json,0.10184865431626965,0.10184865431626965,3.9764162499995592,3.9764162499995592,2.3772,1.9062999999999999,1,0.0019977299303213583,1.184659674477643e-05
cid_5878e663d520ef477ef34964,Li4CO4,mp-550320,mp-551740,5,121,structures/cid_5878e663d520ef477ef34964_polar.json,49.00042851263279,49.00042851674225,14.206757222221533,92.42885333333284,5.049099999999999,4.3622000000000005,0,0.14084991253387055,0.001361335910753631
cid_5878e801c466e47303bfbe55,Ag2S,mp-38511,mp-32791,7,64,structures/cid_5878e801c466e47303bfbe55_polar.json,47.78897362774113,50.21930756230525,45.39725000000017,49.20059833333346,0.12130000000000019,0.029300000000000104,0,0.7840058183993416,0.00034670265176398165
cid_5878e7e7c466e47303bfbe54,H(CO)2,mp-675395,mp-23680,6,11,structures/cid_5878e7e7c466e47303bfbe54_polar.json,3.4492936014554036,3.449271702571696,-2.7453590000003913,0.0,2.8299,2.8299,1,0.0028717844677241537,2.5128468013469522e-05
cid_587900d6c466e47303bfbe65,Rb4CO4,mp-551690,mp-546320,160,215,structures/cid_587900d6c466e47303bfbe65_polar.json,42.78464249297988,42.784646385107585,-24.269467037036918,1.6942137037032623,0.3569,0.3569,1,0.036015669646721836,0.0008829632562989484
cid_5879121fc466e47303bfbe6c,Ag2S,mp-560025,mp-556225,4,11,structures/cid_5879121fc466e47303bfbe6c_polar.json,21.057750596178938,21.05775061029651,-76.14606000000012,0.0,0.4022000000000001,0.4022000000000001,1,0.0554447236347734,0.00013356092725573898
cid_587911ecc466e47303bfbe6a,Ag2S,mp-560025,mp-32791,4,64,structures/cid_587911ecc466e47303bfbe6a_polar.json,17.61860668262511,17.61860727841218,2.7787150000002647,9.054428333333142,0.4022000000000001,0.27479999999999993,1,0.09292375658554465,6.944653864888565e-05
cid_58791209c466e47303bfbe6b,Ag2S,mp-560025,mp-36216,4,63,structures/cid_58791209c466e47303bfbe6b_polar.json,60.845330927054626,60.845330931940524,-76.75802166666656,71.85023499999987,0.4022000000000001,0.3207,0,0.9999959774415832,0.002921425946876797
cid_58792142c466e47303bfbe80,BaLaCl5,mp-770427,mp-770125,4,62,structures/cid_58792142c466e47303bfbe80_polar.json,26.12339745251385,26.12339745251503,13.639648928571724,20.6955217857141,3.9835000000000003,3.7662999999999998,1,0.009477251353901588,0.0002570364522878072
cid_587919f9c466e47303bfbe7a,Li2VH2OF5,mp-868263,mp-770536,1,15,structures/cid_587919f9c466e47303bfbe7a_polar.json,9.7629417372478,10.278739234561337,4.941548636364423,147.42367000000024,2.5014,2.1043000000000003,0,0.05028528734391529,0.011524845918282246
cid_587923d3c466e47303bfbe83,NaAlH2CO5,mp-699136,mp-644506,46,74,structures/cid_587923d3c466e47303bfbe83_polar.json,0.7596517502289917,0.7596517502289917,-0.6389840000000646,0.0,5.0381,4.9545,1,0.0010627834917912224,4.299622813719113e-06
cid_58791947c466e47303bfbe78,BeH8(NF2)2,mp-24614,mp-604245,33,62,structures/cid_58791947c466e47303bfbe78_polar.json,0.5830009816446601,0.5830009816446601,9.60308925000053,9.60308925000053,6.645300000000001,6.5348,1,0.0001221733983029634,3.329046148675934e-06
cid_587950f3c466e47303bfbe99,Al(HO)3,mp-625318,mp-625316,1,2,structures/cid_587950f3c466e47303bfbe99_polar.json,15.832676863830756,11.48091248542711,4.201550714285851,1916.848142142857,5.0492,4.9517999999999995,0,0.058207202567728836,0.08479899281689433
cid_5879bedcc466e47303bfbed2,CsGeBr3,mp-642739,mp-570223,8,221,structures/cid_5879bedcc466e47303bfbed2_polar.json,18.857605515387522,19.251077930008076,15.01727800000019,15.01727800000019,1.7364000000000002,1.1446999999999998,1,0.015292876687071208,1.4291802793898011e-05
cid_58795289c466e47303bfbea0,H2SO4,mp-625475,mp-690733,5,15,structures/cid_58795289c466e47303bfbea0_polar.json,20.39751953783905,20.397519537920598,-2.622926785715407,39.29992214285605,6.1419,5.9078,1,0.02897947807670661,0.00018201043058916358
cid_58791994c466e47303bfbe79,BeH8(NF2)2,mp-24614,mp-720982,33,62,structures/cid_58791994c466e47303bfbe79_polar.json,0.582973996959267,0.582973996959267,10.331823749999636,10.331823749999636,6.645300000000001,6.5103,1,0.00013902413623392097,5.61768391136888e-06
cid_5879d5e1d520ef477ef349ce,LiMnPO4,mp-765846,mp-765871,9,63,structures/cid_5879d5e1d520ef477ef349ce_polar.json,32.80454530821049,33.852788417678696,-5.198912142856393,570.4214775,3.2855,2.0711999999999997,0,0.12900774679996418,0.041161892922501296
cid_587b219b74e38a523576f12e,K4CO4,mp-551561,mp-549687,5,121,structures/cid_587b219b74e38a523576f12e_polar.json,16.6408251465178,16.64082514661696,-5.3267138888895005,30.521752777777245,1.9954,1.4201000000000001,1,0.011276872308108447,0.00045774639087574375
cid_587b289735f1e609b709101d,VF5,mp-765140,mvc-14312,9,15,structures/cid_587b289735f1e609b709101d_polar.json,0.952526931335593,1.0339554127327015,2.5772525000000712,186.79931958333373,2.7645,2.7070000000000003,1,0.028535679811955057,0.0014289063629074497
cid_587b296135f1e609b709101f,VF5,mp-766786,mvc-14312,9,15,structures/cid_587b296135f1e609b709101f_polar.json,29.81882993367042,29.721873545777612,22.939849583332617,62.442490416666274,3.2607,2.7073000000000005,1,0.07361596082978158,0.0003744522220409326
cid_587b7970bdf9e10afffc7b97,CrO3,mvc-13134,mp-779986,4,62,structures/cid_587b7970bdf9e10afffc7b97_polar.json,78.16601503459269,78.16601503458497,-102.87231062500001,192.52885062500002,1.3282,0.6435000000000001,0,0.9999643160839968,0.006946987678747144
cid_587b470c74e38a523576f17f,Rb4CO4,mp-551176,mp-547898,5,121,structures/cid_587b470c74e38a523576f17f_polar.json,14.604597738979447,14.604597739975222,-1.4617505555554189,26.61314166666706,1.4061000000000001,0.8971,1,0.03134907584822021,0.00032925247644863465
cid_587b209079be391a969de16b,Ti3(BiO3)4,mp-23427,mp-23335,41,139,structures/cid_587b209079be391a969de16b_polar.json,17.0445669283368,17.0445669283368,62.629563026315616,62.629563026315616,2.4387999999999996,1.383,1,0.03728277284036797,0.0007631820398151172
cid_5879db17c466e47303bfbee0,Li2Mn(SiO3)2,mp-764791,mp-767686,9,15,structures/cid_5879db17c466e47303bfbee0_polar.json,4.923419429224318,4.926339543347873,4.695078181817358,276.6119129545448,3.4684,2.3177,0,0.06878424517854241,0.03075863688645024
cid_587b94fa74e38a523576f1ad,HCl,mp-684609,mp-634101,44,139,structures/cid_587b94fa74e38a523576f1ad_polar.json,57.3667093283677,57.36670932836769,273.14408249999997,284.90469499999983,5.1846,2.5153000000000003,0,0.4089416372976353,0.0006849657939730663
cid_587bc79874e38a523576f1b7,Na4CO4,mp-13274,mp-546707,5,121,structures/cid_587bc79874e38a523576f1b7_polar.json,39.173531612260255,39.17353161225924,9.586423888888973,81.09460722222207,2.1832000000000003,1.9224,1,0.08760033383937532,0.0010761211528174611
cid_587c7d3035f1e609b7091073,Li2CoBO4,mp-761299,mp-771049,33,62,structures/cid_587c7d3035f1e609b7091073_polar.json,5.29821806542083,5.29821806542083,33.44703531250026,537.1999618750003,1.4138,0.10099999999999998,0,1.0000201160075746,0.014616539219249342
cid_587ca84035f1e609b709107c,Tb6Cs2Te7N2,mp-646007,mp-655613,8,12,structures/cid_587ca84035f1e609b709107c_polar.json,0.25520394424161014,0.22373717036077084,0.30309676470618996,0.30309676470618996,0.7693000000000003,0.7684000000000002,1,0.0008507291316845985,1.8474772070558033e-06
cid_587cb81e74e38a523576f218,NaN3,mp-634410,mp-570538,5,12,structures/cid_587cb81e74e38a523576f218_polar.json,51.82285801829738,51.82285801829738,-12.513150000000195,52.446820000000116,4.1107,3.8969,1,0.017851969356785402,0.00031207676901078647
cid_587caba57a676d7d2ad71ab4,LiFeSiO4,mp-766664,mp-762643,33,63,structures/cid_587caba57a676d7d2ad71ab4_polar.json,0.6414666031334185,0.6414666031334185,-0.6713833333336083,244.86245619047597,1.6675,0.24800000000000022,0,0.004655658218478519,0.058760622045895355
cid_587d2b8779be391a969de29e,HCl,mp-632326,mp-634101,36,139,structures/cid_587d2b8779be391a969de29e_polar.json,33.55430380767059,33.5543038076706,325.7309537499999,394.35296750000015,5.852600000000001,2.4162999999999997,0,1.0000040377303363,0.0012655928173220619
cid_587d2c0779be391a969de29f,CdCl2,mp-632403,mp-695850,5,12,structures/cid_587d2c0779be391a969de29f_polar.json,48.39523800045697,48.39523800048104,-45.67611333333366,24.575546666666614,3.1205,3.1205,0,0.17558612977710167,0.0010379681495241583
cid_587d4fcc79be391a969de2a9,RbPbF3,mp-674508,mp-21043,9,221,structures/cid_587d4fcc79be391a969de2a9_polar.json,3.9189788860144406,3.988577396071208,33.66350649999994,33.66350649999994,3.7838,3.0582000000000003,1,0.0021033202795595046,1.3194212727472903e-05
cid_587cbd9d35f1e609b709107f,Zn(NO3)2,mp-778973,mp-772617,29,205,structures/cid_587cbd9d35f1e609b709107f_polar.json,1.1171410248576845,1.1171410248576845,-3.834907499999929,149.70066333333332,3.2721,2.2618,1,0.012179729844358118,0.0016727992187898597
cid_587dcf8679be391a969de2ac,MoO3,mp-715584,mvc-12752,7,62,structures/cid_587dcf8679be391a969de2ac_polar.json,4.659863763899306,4.668462043393284,63.5314337499997,63.5314337499997,1.9247,0.4962000000000001,1,0.015426599254317906,9.7881590386873e-05
cid_587cc08779be391a969de27e,Sr(H2O3)2,mp-625871,mp-625821,9,15,structures/cid_587cc08779be391a969de27e_polar.json,10.175682613571036,9.35120526466932,-70.73189454545492,635.0968054545447,0.5464,0.2437999999999999,0,0.9845358848180843,0.030665642183088294
cid_587e39ef79be391a969de2c4,Mg(NO3)2,mp-776410,mp-771046,29,205,structures/cid_587e39ef79be391a969de2c4_polar.json,0.7350026782496014,0.7350026782496014,-9.31574541666702,180.70842069444382,3.5469999999999997,2.4888,1,0.0029381090774971467,0.0019593234971691446
