material_id,formula,spacegroup_number,spacegroup_symbol,energy_above_hull,is_stable,gcnn_probability,nequip_probability,gcnn_v6_prob,nequip_v2_prob,avg_prob,min_prob
mp-1195294,K14ZnGe16,31,Pmn2_1,0.0,True,0.9999946355819702,0.9999979734420776,0.9999987681706748,1.0,0.9999978442986808,0.9999946355819702
mp-557027,Rb2Be2Si2O7,34,Pnn2,0.0,True,0.9999945163726808,0.9999974966049194,0.9999993642171224,0.9999998807907104,0.9999978144963584,0.9999945163726808
mp-2748904,Rb4SnO3,9,Cc,0.0,True,0.9999949932098388,0.9999971389770508,0.999999443689982,0.9999996423721312,0.9999978045622508,0.9999949932098388
mp-1212053,K2MgGeO4,29,Pca2_1,0.0,True,0.999994158744812,0.999997854232788,0.9999992450078328,0.9999998807907104,0.9999977846940358,0.999994158744812
mp-756570,Rb4SnO3,9,Cc,0.0,True,0.9999951124191284,0.9999971389770508,0.999999205271403,0.9999996423721312,0.9999977747599283,0.9999951124191284
mp-18361,K7NbAs4,31,Pmn2_1,0.0,True,0.9999946355819702,0.9999970197677612,0.999999443689982,0.9999998807907104,0.999997744957606,0.9999946355819702
mp-15171,K2MgSiO4,29,Pca2_1,0.0,True,0.9999935626983644,0.999997854232788,0.9999991257985432,1.0,0.9999976356824238,0.9999935626983644
mp-6386,K2ZnGeO4,29,Pca2_1,0.0,True,0.9999938011169434,0.99999737739563,0.9999993244806924,0.9999998807907104,0.999997595945994,0.9999938011169434
mp-22655,KNiPO4,33,Pna2_1,0.0,True,0.9999936819076538,0.9999974966049194,0.9999991655349731,1.0,0.9999975860118866,0.9999936819076538
mp-1223803,K6Zn4Sn5S17,5,C2,0.0,True,0.9999951124191284,0.9999972581863404,0.999999205271403,0.9999986886978148,0.9999975661436716,0.9999951124191284
mp-17964,Na2Ge2Se5,33,Pna2_1,0.0,True,0.9999936819076538,0.99999737739563,0.999999205271403,1.0,0.9999975661436716,0.9999936819076538
mp-555007,Rb4V5CdClO15,75,P4,0.0,True,0.9999936819076538,0.9999974966049194,0.9999991655349731,0.9999998807907104,0.9999975562095642,0.9999936819076538
mp-542972,KNb2PS10,29,Pca2_1,0.0,True,0.999992847442627,0.9999979734420776,0.9999993642171224,1.0,0.9999975462754568,0.999992847442627
mp-1029938,K3W2N5,80,I4_1,0.0,True,0.9999927282333374,0.9999983310699464,0.9999991655349731,0.9999998807907104,0.9999975264072418,0.9999927282333374
mp-1223528,KGaGeS4,4,P2_1,0.0,True,0.9999942779541016,0.9999969005584716,0.9999992450078328,0.9999995231628418,0.999997486670812,0.9999942779541016
mp-1212732,K2CdGeO4,29,Pca2_1,0.0,True,0.9999932050704956,0.9999977350234984,0.9999992450078328,0.9999997615814208,0.999997486670812,0.9999932050704956
mp-1223632,KNa2WN3,29,Pca2_1,0.0,True,0.9999920129776,0.9999983310699464,0.9999995231628418,1.0,0.999997466802597,0.9999920129776
mp-1211941,K2TiZnO4,29,Pca2_1,0.0,True,0.9999932050704956,0.9999972581863404,0.9999992847442628,0.9999998807907104,0.9999974071979524,0.9999932050704956
mp-1193678,Ta3NO6,8,Cm,0.0,True,0.9999945163726808,0.9999980926513672,0.9999992450078328,0.9999974966049194,0.9999973376592,0.9999945163726808
mp-1190911,Rb3V5O14,157,P31m,0.0,True,0.9999934434890748,0.9999966621398926,0.9999992450078328,1.0,0.9999973376592,0.9999934434890748
mp-7667,K2S3,36,Cmc2_1,0.0,True,0.9999945163726808,0.9999955892562866,0.999999205271403,1.0,0.9999973277250924,0.9999945163726808
mp-1029857,Rb3W2N5,80,I4_1,0.0,True,0.9999929666519164,0.9999971389770508,0.9999991655349731,1.0,0.9999973177909852,0.9999929666519164
mp-1209800,Rb2ZnGeO4,29,Pca2_1,0.0,True,0.9999932050704956,0.9999970197677612,0.9999991655349731,0.9999998807907104,0.9999973177909852,0.9999932050704956
mp-1245510,Mg3MoN4,31,Pmn2_1,0.0,True,0.9999942779541016,0.9999955892562866,0.9999993244806924,1.0,0.99999729792277,0.9999942779541016
mp-1221155,Na4Sr2TiP4,9,Cc,0.0,True,0.9999939203262328,0.9999960660934448,0.999999443689982,0.9999996423721312,0.9999972681204478,0.9999939203262328
mp-541113,Cs3P7,76,P4_1,0.0,True,0.9999910593032836,0.9999986886978148,0.9999992847442628,1.0,0.9999972581863404,0.9999910593032836
mp-23535,K2ZnBr4,4,P2_1,0.0,True,0.9999936819076538,0.9999974966049194,0.999998966852824,0.9999988079071044,0.9999972383181256,0.9999936819076538
mp-556552,K4VP2S9,33,Pna2_1,0.0,True,0.9999920129776,0.999997615814209,0.999999443689982,0.9999998807907104,0.9999972383181254,0.9999920129776
mp-1219584,RbNO3,160,R3m,0.0,True,0.9999936819076538,0.9999958276748656,0.9999991257985432,1.0,0.9999971588452656,0.9999936819076538
mp-541538,K2CdSiO4,29,Pca2_1,0.0,True,0.9999920129776,0.99999737739563,0.9999991655349731,0.9999998807907104,0.9999971091747284,0.9999920129776
mp-560688,K4V5CdClO15,75,P4,0.0,True,0.999993085861206,0.9999959468841552,0.999999205271403,1.0,0.999997059504191,0.999993085861206
mp-541537,K2ZnSiO4,29,Pca2_1,0.0,True,0.9999924898147584,0.999996781349182,0.9999990860621134,0.9999998807907104,0.999997059504191,0.9999924898147584
mp-6268,KTiPO5,33,Pna2_1,0.0,True,0.9999912977218628,0.999997615814209,0.9999994039535522,0.9999998807907104,0.9999970495700836,0.9999912977218628
mp-557940,KNd(CO3)2,31,Pmn2_1,0.0,True,0.999990701675415,0.999997615814209,0.9999996026357016,1.0,0.9999969800313314,0.999990701675415
mp-1192739,Cs2V3O8,100,P4bm,0.0,True,0.999991774559021,0.9999969005584716,0.9999990860621134,1.0,0.9999969402949016,0.999991774559021
mp-1029791,MgSnN2,33,Pna2_1,0.0,True,0.9999916553497314,0.9999969005584716,0.999999205271403,0.9999998807907104,0.9999969104925792,0.9999916553497314
mp-861938,KLaSiS4,4,P2_1,0.0,True,0.999993085861206,0.9999974966049194,0.9999984900156657,0.9999985694885254,0.9999969104925792,0.999993085861206
mp-733853,K2HI2ClO6,29,Pca2_1,0.0,True,0.999991536140442,0.9999972581863404,0.999998966852824,0.9999997615814208,0.9999968806902568,0.999991536140442
mp-1190146,Na2Cd(GeS3)2,9,Cc,0.0,True,0.9999938011169434,0.9999958276748656,0.9999990860621134,0.9999988079071044,0.9999968806902568,0.9999938011169434
mp-557025,K2SeO4,33,Pna2_1,0.0,True,0.9999901056289672,0.9999980926513672,0.999999443689982,0.9999998807907104,0.9999968806902568,0.9999901056289672
mp-6539,RbTiPO5,33,Pna2_1,0.0,True,0.9999910593032836,0.9999970197677612,0.9999995231628418,0.9999998807907104,0.9999968707561492,0.9999910593032836
mp-6488,KTiAsO5,33,Pna2_1,0.0,True,0.9999910593032836,0.9999970197677612,0.9999994039535522,0.9999998807907104,0.9999968409538268,0.9999910593032836
mp-1195433,K4Ge(PSe3)4,29,Pca2_1,0.0,True,0.9999929666519164,0.9999949932098388,0.9999994039535522,1.0,0.9999968409538268,0.9999929666519164
mp-510519,Rb2V3O8,100,P4bm,0.0,True,0.999991536140442,0.9999966621398926,0.9999992450078328,0.9999998807907104,0.9999968310197194,0.999991536140442
mp-721896,H4CSN2,26,Pmc2_1,0.0,True,0.999991536140442,0.999996304512024,0.9999993244806924,1.0,0.9999967912832896,0.999991536140442
mp-733468,K2PHO4,33,Pna2_1,0.0,True,0.999990701675415,0.9999971389770508,0.9999993642171224,0.9999998807907104,0.9999967714150748,0.999990701675415
mp-1208174,Tl2V3O8,100,P4bm,0.0,True,0.9999903440475464,0.9999974966049194,0.999999205271403,1.0,0.9999967614809672,0.9999903440475464
mp-1018095,BaGaGeH,156,P3m1,0.0,True,0.9999921321868896,0.9999957084655762,0.9999993244806924,0.9999998807907104,0.9999967614809672,0.9999921321868896
mp-6639,RbGeSbO5,33,Pna2_1,0.0,True,0.9999901056289672,0.999997615814209,0.9999994039535522,0.9999998807907104,0.9999967515468596,0.9999901056289672
mp-18625,KPSe6,29,Pca2_1,0.0,True,0.9999891519546508,0.9999984502792358,0.999999483426412,0.9999998807907104,0.9999967416127524,0.9999891519546508
mp-626620,RbHO,36,Cmc2_1,0.0,True,0.999992609024048,0.999995231628418,0.999999205271403,0.9999998807907104,0.9999967316786448,0.999992609024048
mp-18440,Rb7NbAs4,31,Pmn2_1,0.0,True,0.9999946355819702,0.9999954700469972,0.999996860822042,0.9999998807907104,0.99999671181043,0.9999946355819702
mp-646007,Cs2Tb6Te7N2,8,Cm,0.0,True,0.9999914169311525,0.9999980926513672,0.9999991257985432,0.9999982118606568,0.9999967118104298,0.9999914169311525
mp-9332,KGaPO4F,33,Pna2_1,0.0,True,0.9999897480010986,0.999997854232788,0.9999993244806924,0.9999998807907104,0.9999967018763224,0.9999897480010986
mp-1198192,Rb2ZnBr4,33,Pna2_1,0.0,True,0.999992609024048,0.9999960660934448,0.9999980529149374,1.0,0.9999966820081077,0.999992609024048
mp-1220796,Na5SrNbAs4,9,Cc,0.0,True,0.9999943971633912,0.9999934434890748,0.999999483426412,0.9999994039535522,0.9999966820081077,0.9999934434890748
mp-1188721,IN4,33,Pna2_1,0.0,True,0.999990701675415,0.999996542930603,0.9999993244806924,1.0,0.9999966422716776,0.999990701675415
mp-1202716,S2I2O11,33,Pna2_1,0.0,True,0.999990463256836,0.9999966621398926,0.9999991257985432,0.9999998807907104,0.9999965329964956,0.999990463256836
mp-1214176,Ca2B5ClO9,34,Pnn2,0.0,True,0.999991774559021,0.9999951124191284,0.9999992847442628,0.9999998807907104,0.9999965131282806,0.999991774559021
mp-6805,K3Ga2(PO4)3,33,Pna2_1,0.0,True,0.9999887943267822,0.9999979734420776,0.999999205271403,0.9999998807907104,0.9999964634577432,0.9999887943267822
mp-682548,Cs5Te3H4NCl18,156,P3m1,0.0,True,0.9999924898147584,0.9999940395355223,0.9999992450078328,1.0,0.9999964435895284,0.9999924898147584
mp-541459,KSnPO5,33,Pna2_1,0.0,True,0.999988317489624,0.9999980926513672,0.9999993642171224,0.9999998807907104,0.999996413787206,0.999988317489624
mp-554056,Ca2B5BrO9,34,Pnn2,0.0,True,0.9999898672103882,0.999996304512024,0.999999483426412,0.9999998807907104,0.9999963839848836,0.9999898672103882
mp-540574,Cs2Hg3I8,8,Cm,0.0,True,0.9999949932098388,0.999997615814209,0.9999969800313314,0.9999959468841552,0.9999963839848836,0.9999949932098388
mp-1194520,Rb4Al2S5,33,Pna2_1,0.0,True,0.9999910593032836,0.9999948740005492,0.9999995628992716,1.0,0.999996374050776,0.9999910593032836
mp-1239185,KVPO4F,33,Pna2_1,0.0,True,0.9999891519546508,0.9999971389770508,0.9999993244806924,0.9999998807907104,0.999996374050776,0.9999891519546508
mp-554012,SClO2F,29,Pca2_1,0.0,True,0.9999898672103882,0.9999966621398926,0.9999990463256836,0.9999998807907104,0.9999963641166688,0.9999898672103882
mp-15108,RbSnAsO5,33,Pna2_1,0.0,True,0.9999896287918092,0.999996542930603,0.9999994039535522,0.9999998807907104,0.9999963641166688,0.9999896287918092
mp-568916,K6InTe4Cl,186,P6_3mc,0.0,True,0.9999912977218628,0.9999948740005492,0.999999205271403,1.0,0.9999963442484536,0.9999912977218628
mp-561851,CsNO3,144,P3_1,0.0,True,0.9999880790710448,0.9999979734420776,0.999999205271403,0.9999998807907104,0.999996284643809,0.9999880790710448
mp-6394,RbTiAsO5,33,Pna2_1,0.0,True,0.999990463256836,0.999995231628418,0.999999443689982,0.9999998807907104,0.9999962548414866,0.999990463256836
mp-554164,KLiZnP2O7,26,Pmc2_1,0.0,True,0.9999884366989136,0.9999977350234984,0.999999205271403,0.9999996423721312,0.9999962548414866,0.9999884366989136
mp-15107,KSnAsO5,33,Pna2_1,0.0,True,0.9999877214431764,0.999997854232788,0.9999993642171224,0.9999998807907104,0.9999962051709492,0.9999877214431764
mp-1211446,Li7PSe6,33,Pna2_1,0.0,True,0.9999901056289672,0.9999954700469972,0.9999992847442628,0.9999998807907104,0.9999961853027344,0.9999901056289672
mp-1221154,Na4Sr2SiAs4,9,Cc,0.0,True,0.9999948740005492,0.9999905824661256,0.999999443689982,0.9999996423721312,0.999996135632197,0.9999905824661256
mp-27198,Cd(NO3)2,29,Pca2_1,0.0,True,0.9999880790710448,0.9999972581863404,0.9999993244806924,0.9999998807907104,0.999996135632197,0.9999880790710448
mp-27704,K3V5O14,157,P31m,0.0,True,0.9999898672103882,0.999995231628418,0.999999443689982,1.0,0.999996135632197,0.9999898672103882
mp-560944,Cs4Ba(PO3)6,159,P31c,0.0,True,0.9999910593032836,0.999994158744812,0.9999993244806924,1.0,0.999996135632197,0.9999910593032836
mp-18545,CsV3(SeO6)2,173,P6_3,0.0,True,0.9999871253967284,0.9999983310699464,0.9999990860621134,0.9999998807907104,0.9999961058298746,0.9999871253967284
mp-16787,K2V3O8,100,P4bm,0.0,True,0.9999898672103882,0.999995231628418,0.999999205271403,1.0,0.9999960760275522,0.9999898672103882
mp-8070,Li2BeSiO4,7,Pc,0.0,True,0.9999942779541016,0.9999977350234984,0.9999990065892538,0.9999932050704956,0.9999960561593374,0.9999932050704956
mp-14352,KGeSbO5,33,Pna2_1,0.0,True,0.9999874830245972,0.999997615814209,0.9999993642171224,0.9999997615814208,0.9999960561593374,0.9999874830245972
mp-27925,KEr2F7,33,Pna2_1,0.0,True,0.9999887943267822,0.9999961853027344,0.9999992450078328,1.0,0.9999960561593372,0.9999887943267822
mp-1221300,Na4Eu2GeP4,9,Cc,0.0,True,0.999992609024048,0.9999974966049194,0.9999958674112956,0.9999982118606568,0.99999604622523,0.999992609024048
mp-707453,K5NaP3(HO4)3,33,Pna2_1,0.0,True,0.999990463256836,0.9999942779541016,0.999999483426412,0.9999998807907104,0.999996026357015,0.999990463256836
mp-14721,KSiSbO5,33,Pna2_1,0.0,True,0.9999885559082032,0.9999960660934448,0.9999994039535522,0.9999998807907104,0.9999959766864776,0.9999885559082032
mp-1209409,RbNaTi2(PO5)2,33,Pna2_1,0.0,True,0.999990701675415,0.9999936819076538,0.9999994039535522,0.9999998807907104,0.9999959170818328,0.999990701675415
mp-1221197,Na4Eu(GeSe3)2,5,C2,0.0,True,0.9999948740005492,0.9999970197677612,0.9999937613805135,0.9999979734420776,0.9999959071477256,0.9999937613805135
mp-13664,Sr2Ta2O7,36,Cmc2_1,0.0,True,0.9999891519546508,0.9999947547912598,0.9999993642171224,1.0,0.9999958177407584,0.9999891519546508
mp-16917,RbV3(SeO6)2,173,P6_3,0.0,True,0.9999884366989136,0.9999957084655762,0.9999990860621134,1.0,0.9999958078066508,0.9999884366989136
mp-1201270,KErF4,144,P3_1,0.0,True,0.9999874830245972,0.999996542930603,0.9999990860621134,1.0,0.9999957780043284,0.9999874830245972
mp-863758,K2SrCdSb2,26,Pmc2_1,0.0,True,0.9999874830245972,0.9999964237213136,0.9999994039535522,0.9999996423721312,0.9999957382678986,0.9999874830245972
mp-1224014,KMgP2H5O9,33,Pna2_1,0.0,True,0.99998939037323,0.9999940395355223,0.999999443689982,1.0,0.9999957183996836,0.99998939037323
mp-555186,Li2ZnSnS4,7,Pc,0.0,True,0.9999921321868896,0.9999948740005492,0.9999984502792358,0.9999971389770508,0.9999956488609314,0.9999921321868896
mp-7446,Rb2S3,36,Cmc2_1,0.0,True,0.9999927282333374,0.9999905824661256,0.999999205271403,1.0,0.9999956289927164,0.9999905824661256
mp-1224548,K3Na7Mg2H12S6(NO18)2,146,R3,0.0,True,0.99998676776886,0.9999964237213136,0.9999992847442628,1.0,0.9999956190586092,0.99998676776886
mp-542220,Cs3As,185,P6_3cm,0.0,True,0.9999902248382568,0.999992847442627,0.9999993642171224,1.0,0.9999956091245016,0.9999902248382568
mp-1227603,Ca5As3HO13,173,P6_3,0.0,True,0.9999886751174928,0.9999943971633912,0.9999992847442628,0.9999998807907104,0.9999955594539645,0.9999886751174928
mp-24468,H8S(NO2)2,33,Pna2_1,0.0,True,0.9999860525131226,0.999996304512024,0.9999995628992716,0.9999998807907104,0.999995450178782,0.9999860525131226
mp-17945,RbPSe6,29,Pca2_1,0.0,True,0.9999837875366212,0.9999984502792358,0.999999443689982,1.0,0.9999954203764596,0.9999837875366212
mp-1224203,K2BAs2HO8,76,P4_1,0.0,True,0.99998676776886,0.9999953508377076,0.9999992450078328,1.0,0.9999953409036,0.99998676776886
mp-6706,TiTlPO5,33,Pna2_1,0.0,True,0.999985933303833,0.9999961853027344,0.9999990860621134,0.9999998807907104,0.9999952713648478,0.999985933303833
mp-1222988,LaH3(SO4)3,173,P6_3,0.0,True,0.9999840259552002,0.9999977350234984,0.9999992450078328,1.0,0.9999952514966328,0.9999840259552002
mp-978847,SrGaGeH,156,P3m1,0.0,True,0.9999920129776,0.9999896287918092,0.9999992450078328,0.9999998807907104,0.999995191891988,0.9999896287918092
mp-23667,RbP(HO2)2,43,Fdd2,0.0,True,0.9999876022338868,0.9999935626983644,0.9999993244806924,1.0,0.999995122353236,0.9999876022338868
mp-863761,K2BaCdSb2,26,Pmc2_1,0.0,True,0.9999842643737792,0.9999972581863404,0.9999985694885254,0.9999996423721312,0.999994933605194,0.9999842643737792
mp-3346819,K3Na7Mg2H12S6(NO18)2,160,R3m,0.0,True,0.9999840259552002,0.999996304512024,0.9999992847442628,1.0,0.9999949038028716,0.9999840259552002
mp-1208295,TiTlAsO5,33,Pna2_1,0.0,True,0.9999852180480956,0.999995231628418,0.9999991655349731,0.9999998807907104,0.9999948740005492,0.9999852180480956
mp-14401,NaCaPO4,33,Pna2_1,0.0,True,0.9999831914901732,0.9999970197677612,0.9999995628992716,0.9999996423721312,0.9999948541323344,0.9999831914901732
mp-15865,RbScAsO4F,33,Pna2_1,0.0,True,0.999986171722412,0.9999939203262328,0.9999992847442628,0.9999997615814208,0.9999947845935822,0.999986171722412
mp-768505,LuGaO3,185,P6_3cm,0.0,True,0.9999827146530152,0.9999971389770508,0.9999990860621134,1.0,0.9999947349230448,0.9999827146530152
mp-2911751,BeH12(N2Cl)2,33,Pna2_1,0.0,True,0.9999890327453612,0.9999903440475464,0.999998966852824,1.0,0.999994585911433,0.9999890327453612
mp-1203786,BeH12(N2Cl)2,33,Pna2_1,0.0,True,0.9999887943267822,0.999990463256836,0.999998966852824,1.0,0.9999945561091106,0.9999887943267822
mp-1223484,KV3(PbO3)4,173,P6_3,0.0,True,0.9999831914901732,0.999996304512024,0.9999988476435344,0.9999998807907104,0.9999945561091106,0.9999831914901732
mp-729185,V3HPb5O13,173,P6_3,0.0,True,0.9999823570251464,0.9999969005584716,0.9999986489613852,0.9999998807907104,0.9999944468339284,0.9999823570251464
mp-1018093,CaGaGeH,156,P3m1,0.0,True,0.999990940093994,0.9999871253967284,0.9999992847442628,1.0,0.9999943375587464,0.9999871253967284
mp-24614,BeH8(NF2)2,33,Pna2_1,0.0,True,0.9999895095825196,0.9999884366989136,0.9999993642171224,1.0,0.9999943276246388,0.9999884366989136
mp-20282,CsPbF3,161,R3c,0.0,True,0.9999946355819702,0.9999833106994628,0.9999991655349731,1.0,0.9999942779541016,0.9999833106994628
mp-1246353,Na3Re2N5,80,I4_1,0.0,True,0.99998140335083,0.9999959468841552,0.9999993244806924,0.9999998807907104,0.9999941388765968,0.99998140335083
mp-1179858,Rb2UH4(SeO6)2,33,Pna2_1,0.0,True,0.9999876022338868,0.9999899864196776,0.9999990065892538,0.9999997615814208,0.9999940892060598,0.9999876022338868
mp-1220119,PrH18(BrO6)3,186,P6_3mc,0.0,True,0.9999858140945436,0.9999911785125732,0.9999993642171224,1.0,0.9999940892060598,0.9999858140945436
mp-773906,KNaZrSi3H4O11,33,Pna2_1,0.0,True,0.9999858140945436,0.9999901056289672,0.999999483426412,1.0,0.9999938507874808,0.9999858140945436
mp-6253,KLiBeF4,173,P6_3,0.0,True,0.99998939037323,0.9999858140945436,0.9999991257985432,1.0,0.9999935825665792,0.9999858140945436
mp-39020,LiTa3N4,34,Pnn2,0.0,True,0.9999768733978271,0.999997854232788,0.9999991655349731,1.0,0.9999934732913972,0.9999768733978271
mp-776555,NaV3P2O13,33,Pna2_1,0.0,True,0.99998140335083,0.999992847442627,0.9999992847442628,1.0,0.99999338388443,0.99998140335083
mp-1216804,TlV3Cd4O12,9,Cc,0.0,True,0.9999902248382568,0.9999984502792358,0.9999927679697672,0.9999908208847046,0.9999930659929912,0.9999902248382568
mp-740711,Cs3B6H12Se4Br,186,P6_3mc,0.0,True,0.999993085861206,0.9999799728393556,0.9999991257985432,1.0,0.999993046124776,0.9999799728393556
mp-1219568,RbCNO,46,Ima2,0.0,True,0.9999843835830688,0.9999881982803344,0.9999993244806924,1.0,0.999992976586024,0.9999843835830688
mp-1205334,MgCu2SiS4,31,Pmn2_1,0.0,True,0.9999935626983644,0.9999784231185912,0.999999205271403,1.0,0.9999927977720896,0.9999784231185912
mp-2017901,TiCl3,9,Cc,0.0,True,0.9999878406524658,0.999991774559021,0.9999992450078328,0.9999920129776,0.99999271829923,0.9999878406524658
mp-1208823,SrGaF5,79,I4,0.0,True,0.9999769926071168,0.9999945163726808,0.9999993244806924,0.9999998807907104,0.9999926785628002,0.9999769926071168
mp-1219801,Rb2V2Si8O21,26,Pmc2_1,0.0,True,0.9999879598617554,0.9999829530715942,0.9999993642171224,0.9999998807907104,0.9999925394852957,0.9999829530715942
mp-556103,Cs3Ga2F9,185,P6_3cm,0.0,True,0.9999732971191406,0.9999974966049194,0.9999990463256836,0.9999998807907104,0.9999924302101136,0.9999732971191406
mp-29845,CsHgCl3,145,P3_2,0.0,True,0.9999735355377196,0.9999970197677612,0.9999991655349731,1.0,0.9999924302101136,0.9999735355377196
mp-1209932,Nd3Si6N11,100,P4bm,0.0,True,0.9999752044677734,0.9999948740005492,0.9999992847442628,1.0,0.9999923408031464,0.9999752044677734
mp-559463,RbMgAs(H6O5)2,31,Pmn2_1,0.0,True,0.9999889135360718,0.9999806880950928,0.9999993244806924,0.9999997615814208,0.9999921719233196,0.9999806880950928
mp-1101724,Nb10Pb14O39,38,Amm2,0.0,True,0.9999887943267822,0.9999806880950928,0.9999990860621134,1.0,0.9999921421209972,0.9999806880950928
mp-23959,KP(HO2)2,43,Fdd2,0.0,True,0.9999721050262452,0.9999969005584716,0.999999483426412,1.0,0.9999921222527822,0.9999721050262452
mp-638070,LiB13C2,44,Imm2,0.0,True,0.9999854564666748,0.999983549118042,0.9999992847442628,1.0,0.9999920725822448,0.999983549118042
mp-18495,SrLi(B3O5)3,161,R3c,0.0,True,0.9999886751174928,0.999980330467224,0.9999993244806924,0.9999998807907104,0.99999205271403,0.999980330467224
mp-604725,RbMgP(H6O5)2,31,Pmn2_1,0.0,True,0.9999901056289672,0.9999786615371704,0.9999991655349731,0.9999997615814208,0.9999919235706328,0.9999786615371704
mp-1019893,La3Si6N11,100,P4bm,0.0,True,0.9999752044677734,0.999992847442627,0.9999992450078328,1.0,0.9999918242295582,0.9999752044677734
mp-30300,Cs3As5O9,157,P31m,0.0,True,0.9999749660491944,0.9999929666519164,0.9999992847442628,1.0,0.9999918043613434,0.9999749660491944
mp-8704,K3SbSe4,161,R3c,0.0,True,0.9999887943267822,0.9999790191650392,0.9999993244806924,1.0,0.9999917844931284,0.9999790191650392
mp-8007,LiUO3,161,R3c,0.0,True,0.9999945163726808,0.999972939491272,0.9999991257985432,1.0,0.999991645415624,0.999972939491272
mp-28407,SBr2O,29,Pca2_1,0.0,True,0.9999721050262452,0.999995231628418,0.9999990463256836,0.9999998807907104,0.9999915659427644,0.9999721050262452
mp-616204,Ga3Cl7,33,Pna2_1,0.0,True,0.999975085258484,0.9999923706054688,0.9999990463256836,0.9999997615814208,0.9999915659427644,0.999975085258484
mp-1178678,YH3,185,P6_3cm,0.0,True,0.9999808073043824,0.999986171722412,0.9999990860621134,1.0,0.9999915162722268,0.9999808073043824
mp-27209,KTlF4,144,P3_1,0.0,True,0.9999885559082032,0.9999784231185912,0.9999990065892538,0.9999998807907104,0.9999914666016896,0.9999784231185912
mp-761252,RbPH3O4F,33,Pna2_1,0.0,True,0.9999716281890868,0.9999951124191284,0.9999992450078328,0.9999998807907104,0.9999914666016896,0.9999716281890868
mp-30279,NpIO5,33,Pna2_1,0.0,True,0.999969482421875,0.9999969005584716,0.9999992847442628,0.9999998807907104,0.99999138712883,0.999969482421875
mp-556918,NbPO5,33,Pna2_1,0.0,True,0.9999711513519288,0.9999948740005492,0.9999990860621134,0.9999998807907104,0.9999912480513254,0.9999711513519288
mp-1194832,LiH4SNO4,29,Pca2_1,0.0,True,0.9999691247940063,0.9999961853027344,0.999999205271403,1.0,0.999991128842036,0.9999691247940063
mp-1008506,BaGaSiH,156,P3m1,0.0,True,0.9999876022338868,0.9999775886535645,0.999999205271403,1.0,0.9999910990397136,0.9999775886535645
mp-1202753,KTmF4,145,P3_2,0.0,True,0.99998676776886,0.9999780654907228,0.9999993244806924,1.0,0.9999910394350688,0.9999780654907228
mp-1216448,YH18(BrO6)3,186,P6_3mc,0.0,True,0.9999730587005616,0.9999910593032836,0.9999992847442628,1.0,0.999990850687027,0.9999730587005616
mp-1198462,KNaNbOF5,33,Pna2_1,0.0,True,0.9999943971633912,0.9999700784683228,0.9999991257985432,0.9999997615814208,0.9999908407529194,0.9999700784683228
mp-1202279,KHoF4,144,P3_1,0.0,True,0.999986171722412,0.9999774694442748,0.9999992450078328,1.0,0.99999072154363,0.9999774694442748
mp-5784,Na2GeO3,36,Cmc2_1,0.0,True,0.9999920129776,0.9999717473983764,0.9999990065892538,0.9999998807907104,0.9999906619389852,0.9999717473983764
mp-1101020,TiTl5F9,26,Pmc2_1,0.0,True,0.9999858140945436,0.9999802112579346,0.9999953111012776,0.9999994039535522,0.9999901851018268,0.9999802112579346
mp-18353,Cs2Mo3SeO12,173,P6_3,0.0,True,0.9999778270721436,0.9999825954437256,0.9999990860621134,1.0,0.9999898771444956,0.9999778270721436
mp-27376,Rb6Si10O23,38,Amm2,0.0,True,0.999981164932251,0.9999788999557496,0.9999992847442628,1.0,0.9999898374080658,0.9999788999557496
mp-554274,CsMoIO6,33,Pna2_1,0.0,True,0.9999645948410034,0.9999954700469972,0.9999992450078328,0.9999998807907104,0.999989797671636,0.9999645948410034
mp-1222458,LiB12PC,46,Ima2,0.0,True,0.9999821186065674,0.9999775886535645,0.9999992847442628,1.0,0.9999897480010986,0.9999775886535645
mp-1219788,PrTaTiO6,33,Pna2_1,0.0,True,0.9999618530273438,0.9999974966049194,0.9999992450078328,1.0,0.999989648660024,0.9999618530273438
mp-9781,K3SbS4,36,Cmc2_1,0.0,True,0.9999639987945556,0.9999949932098388,0.9999992450078328,1.0,0.9999895592530568,0.9999639987945556
mp-695929,Cs3B6H12S4Br,186,P6_3mc,0.0,True,0.9999934434890748,0.9999653100967408,0.9999991655349731,1.0,0.9999894797801973,0.9999653100967408
mp-20459,TiPbO3,99,P4mm,0.0,True,0.9999922513961792,0.9999665021896362,0.9999991257985432,1.0,0.9999894698460896,0.9999665021896362
mp-1220116,NdTaTiO6,33,Pna2_1,0.0,True,0.9999613761901855,0.9999969005584716,0.9999992847442628,0.9999998807907104,0.9999893605709076,0.9999613761901855
mp-1199282,NpB3O8,29,Pca2_1,0.0,True,0.9999620914459229,0.9999953508377076,0.999999443689982,0.9999998807907104,0.9999891916910808,0.9999620914459229
mp-1219120,SmH18(BrO6)3,186,P6_3mc,0.0,True,0.9999841451644896,0.9999731779098512,0.9999993642171224,1.0,0.9999891718228658,0.9999731779098512
mp-555932,RbEr3F10,186,P6_3mc,0.0,True,0.9999827146530152,0.9999741315841676,0.9999992450078328,1.0,0.999989022811254,0.9999741315841676
mp-1019797,K5B(SO4)4,76,P4_1,0.0,True,0.9999598264694214,0.9999969005584716,0.9999994039535522,0.9999998807907104,0.9999890029430388,0.9999598264694214
mp-1227475,BeTlAsO4,33,Pna2_1,0.0,True,0.9999630451202391,0.9999936819076538,0.9999990860621134,0.9999998807907104,0.9999889234701792,0.9999630451202391
mp-510347,In5S5Br,31,Pmn2_1,0.0,True,0.999961256980896,0.9999949932098388,0.9999990463256836,1.0,0.9999888241291046,0.999961256980896
mp-561549,K2Be2(Si2O5)3,36,Cmc2_1,0.0,True,0.9999823570251464,0.9999732971191406,0.9999993244806924,1.0,0.9999887446562448,0.9999732971191406
mp-1217522,TbTaTiO6,33,Pna2_1,0.0,True,0.9999587535858154,0.9999958276748656,0.9999993244806924,0.9999998807907104,0.999988446633021,0.9999587535858154
mp-541005,CsH5O3,29,Pca2_1,0.0,True,0.9999598264694214,0.9999945163726808,0.9999993244806924,0.9999997615814208,0.9999883572260538,0.9999598264694214
mp-18582,Rb2Ti(Si2O5)3,9,Cc,0.0,True,0.9999939203262328,0.9999698400497437,0.9999990860621134,0.9999896287918092,0.9999881188074748,0.9999698400497437
mp-556206,Rb3Y2(BO3)3,33,Pna2_1,0.0,True,0.9999650716781616,0.9999874830245972,0.999999205271403,0.9999998807907104,0.999987910191218,0.9999650716781616
mp-1215471,Zr2HC,156,P3m1,0.0,True,0.9999865293502808,0.9999656677246094,0.9999992847442628,0.9999998807907104,0.9999878406524658,0.9999656677246094
mp-3491,NbSbO4,33,Pna2_1,0.0,True,0.9999741315841676,0.9999775886535645,0.999999205271403,0.9999998807907104,0.9999877015749612,0.9999741315841676
mp-23087,Mg3B7ClO13,29,Pca2_1,0.0,True,0.9999524354934692,0.9999980926513672,0.999999483426412,0.9999998807907104,0.9999874730904896,0.9999524354934692
mp-30890,Hg3SO6,144,P3_1,0.0,True,0.9999512434005736,0.9999964237213136,0.999999205271403,1.0,0.9999867180983224,0.9999512434005736
mp-1202095,K5Nb3O3F14,31,Pmn2_1,0.0,True,0.9999508857727052,0.999996542930603,0.9999994039535522,0.9999998807907104,0.9999866783618928,0.9999508857727052
mp-1217606,TbH18(BrO6)3,186,P6_3mc,0.0,True,0.9999550580978394,0.999991536140442,0.999999483426412,1.0,0.9999865194161732,0.9999550580978394
mp-1105648,Zn2BrN,33,Pna2_1,0.0,True,0.999958634376526,0.9999878406524658,0.9999991257985432,1.0,0.9999864002068836,0.999958634376526
mp-16995,Sm3Si6N11,100,P4bm,0.0,True,0.9999512434005736,0.9999939203262328,0.999999205271403,1.0,0.9999860922495524,0.9999512434005736
mp-28339,CaPPt,26,Pmc2_1,0.0,True,0.999948501586914,0.999995231628418,0.9999990463256836,0.9999998807907104,0.9999856650829316,0.999948501586914
mp-1187773,VH6(OF)3,160,R3m,0.0,True,0.9999678134918212,0.9999741315841676,0.999999483426412,1.0,0.9999853571256002,0.9999678134918212
mp-4202,BaAl2O4,173,P6_3,0.0,True,0.9999839067459106,0.9999582767486572,0.9999992450078328,1.0,0.9999853571256,0.9999582767486572
mp-1104707,Na(GeP)3,26,Pmc2_1,0.0,True,0.9999508857727052,0.9999910593032836,0.9999992847442628,0.9999998807907104,0.9999852776527404,0.9999508857727052
mp-1209097,RbTa(BO3)2,31,Pmn2_1,0.0,True,0.9999467134475708,0.999995231628418,0.9999992450078328,0.9999998807907104,0.9999852677186328,0.9999467134475708
mp-541956,CsTiAsO5,33,Pna2_1,0.0,True,0.9999440908432008,0.9999969005584716,0.9999994039535522,0.9999998807907104,0.9999850690364838,0.9999440908432008
mp-7375,KNbO3,160,R3m,0.0,True,0.9999912977218628,0.9999496936798096,0.9999991655349731,1.0,0.9999850392341614,0.9999496936798096
mp-1222878,LaTaTiO6,33,Pna2_1,0.0,True,0.9999505281448364,0.9999903440475464,0.9999990463256836,1.0,0.9999849796295166,0.9999505281448364
mp-644419,LiHS,26,Pmc2_1,0.0,True,0.9999910593032836,0.9999492168426514,0.9999991655349731,0.9999998807907104,0.9999848306179048,0.9999492168426514
mp-31132,Hg4OF6,186,P6_3mc,0.0,True,0.9999450445175172,0.9999951124191284,0.9999990860621134,1.0,0.9999848107496896,0.9999450445175172
mp-560127,K2MnF6,186,P6_3mc,0.0,True,0.999990940093994,0.999948024749756,0.9999991257985432,1.0,0.9999845226605732,0.999948024749756
mp-558828,K3Nb3(BO6)2,157,P31m,0.0,True,0.9999604225158693,0.9999765157699584,0.9999992847442628,1.0,0.9999840557575226,0.9999604225158693
mp-555217,Dy3Se4O12F,186,P6_3mc,0.0,True,0.9999769926071168,0.9999594688415528,0.9999990860621134,1.0,0.9999838868776958,0.9999594688415528
mp-556467,Rb4Nb2S10O,29,Pca2_1,0.0,True,0.99993896484375,0.9999966621398926,0.9999995628992716,1.0,0.9999837974707284,0.99993896484375
mp-1020162,Na4Mg3P4O15,33,Pna2_1,0.0,True,0.9999375343322754,0.9999982118606568,0.999998370806376,0.9999998807907104,0.9999834994475046,0.9999375343322754
mp-29910,Sr4I6O,186,P6_3mc,0.0,True,0.9999414682388306,0.9999899864196776,0.9999990860621134,1.0,0.9999826351801554,0.9999414682388306
mp-1223421,KPr9(Si3O13)2,143,P3,0.0,True,0.9999353885650636,0.9999955892562866,0.9999991655349731,1.0,0.9999825358390808,0.9999353885650636
mp-998613,KGeCl3,161,R3c,0.0,True,0.9999725818634032,0.9999569654464722,0.9999991655349731,0.9999998807907104,0.9999821484088898,0.9999569654464722
mp-698480,Sb4H2SO10,29,Pca2_1,0.0,True,0.99994158744812,0.9999879598617554,0.9999990463256836,0.9999998807907104,0.9999821186065674,0.99994158744812
mp-1212937,Cu2SiHgSe4,31,Pmn2_1,0.0,True,0.999971866607666,0.9999538660049438,0.9999993244806924,1.0,0.9999812642733256,0.9999538660049438
mp-558105,LiB6O9F,33,Pna2_1,0.0,True,0.9999285936355592,0.9999955892562866,0.9999994039535522,1.0,0.9999808967113496,0.9999285936355592
mp-1222537,LiZr5TlF22,30,Pnc2,0.0,True,0.9999274015426636,0.999996781349182,0.9999990463256836,0.9999998807907104,0.99998077750206,0.9999274015426636
mp-16929,Pr3Si6N11,100,P4bm,0.0,True,0.9999287128448486,0.9999942779541016,0.9999991257985432,1.0,0.9999805291493732,0.9999287128448486
mp-1225896,Er6Si11N20O,159,P31c,0.0,True,0.9999270439147948,0.999995231628418,0.9999992847442628,1.0,0.9999803900718688,0.9999270439147948
mp-1214926,Ag2SnHgS4,31,Pmn2_1,0.0,True,0.9999704360961914,0.9999587535858154,0.9999923706054688,1.0,0.9999803900718688,0.9999587535858154
mp-27411,TlP5,26,Pmc2_1,0.0,True,0.999923586845398,0.9999964237213136,0.999998966852824,1.0,0.999979744354884,0.999923586845398
mp-560760,Tl4V5CdClO15,75,P4,0.0,True,0.9999182224273682,0.999997615814209,0.9999991655349731,0.9999998807907104,0.9999787211418152,0.9999182224273682
mp-23089,SrTa2Bi2O9,36,Cmc2_1,0.0,True,0.9999223947525024,0.999992609024048,0.9999992450078328,0.9999998807907104,0.9999785323937732,0.9999223947525024
mp-22694,LiPPbO4,33,Pna2_1,0.0,True,0.999919056892395,0.9999961853027344,0.999999205271403,0.9999995231628418,0.9999784926573436,0.999919056892395
mp-18371,Cs2W3SeO12,173,P6_3,0.0,True,0.999922513961792,0.9999911785125732,0.9999990860621134,1.0,0.9999781946341196,0.999922513961792
mp-555825,Na4Sc2Si4O13,33,Pna2_1,0.0,True,0.9999562501907348,0.9999557733535768,0.9999995231628418,1.0,0.9999778866767884,0.9999557733535768
mp-1190754,Cd(BH4)2,102,P4_2nm,0.0,True,0.9999605417251588,0.9999489784240724,0.9999992450078328,1.0,0.999977191289266,0.9999489784240724
mp-556647,Ba5Re3ClO15,185,P6_3cm,0.0,True,0.9999822378158568,0.9999250173568726,0.9999986886978148,0.9999998807907104,0.9999764561653136,0.9999250173568726
mp-18935,K2V(PO4)2,100,P4bm,0.0,True,0.9999151229858398,0.9999905824661256,0.9999991257985432,0.9999998807907104,0.9999761780103048,0.9999151229858398
mp-557330,Sr2B5ClO9,34,Pnn2,0.0,True,0.9999183416366576,0.9999842643737792,0.999999443689982,0.9999998807907104,0.9999754826227822,0.9999183416366576
mp-6755,KSn4(PO4)3,161,R3c,0.0,True,0.999902367591858,0.9999974966049194,0.9999991257985432,0.9999998807907104,0.9999747176965076,0.999902367591858
mp-571379,InGa2Cl7,33,Pna2_1,0.0,True,0.9999032020568848,0.9999929666519164,0.9999991257985432,0.9999998807907104,0.9999737938245136,0.9999032020568848
mp-10963,Ag2SnHgSe4,31,Pmn2_1,0.0,True,0.9999772310256958,0.9999202489852904,0.9999946753184,0.9999998807907104,0.9999730090300242,0.9999202489852904
mp-1214050,Ca4ErB3O10,8,Cm,0.0,True,0.9999942779541016,0.9999961853027344,0.9999994039535522,0.9999011754989624,0.9999727606773376,0.9999011754989624
mp-1192446,Pb2SeN2O9,31,Pmn2_1,0.0,True,0.999891757965088,0.9999980926513672,0.999998927116394,0.9999998807907104,0.99997216463089,0.999891757965088
mp-13002,K2SiF6,186,P6_3mc,0.0,True,0.9999922513961792,0.9998956918716432,0.9999991257985432,1.0,0.9999717672665912,0.9998956918716432
mp-18244,K6MnS4,186,P6_3mc,0.0,True,0.9998883008956908,0.9999953508377076,0.999999205271403,1.0,0.9999707142512004,0.9998883008956908
mp-863656,PmH,186,P6_3mc,0.0,True,0.9999799728393556,0.999892234802246,0.9999991655349731,1.0,0.9999678432941436,0.999892234802246
mp-1210240,Rb6V6P6O31,31,Pmn2_1,0.0,True,0.9999547004699708,0.9999216794967652,0.999993364016215,1.0,0.9999674359957378,0.9999216794967652
mp-754598,Hg3SeO6,144,P3_1,0.0,True,0.9998675584793092,0.9999974966049194,0.999999205271403,1.0,0.9999660650889078,0.9998675584793092
mp-698206,Ba5Re3O16,185,P6_3cm,0.0,True,0.9999829530715942,0.9998728036880492,0.9999986886978148,0.9999998807907104,0.9999635815620422,0.9998728036880492
mp-1219355,SiAg6HgSe6,31,Pmn2_1,0.0,True,0.9999736547470092,0.999880313873291,0.9999991257985432,0.9999998807907104,0.9999632438023884,0.999880313873291
mp-759413,ZnPH4NO4,173,P6_3,0.0,True,0.9998618364334106,0.9999902248382568,0.9999994039535522,1.0,0.9999628663063048,0.9998618364334106
mp-1227516,BeTlPO4,33,Pna2_1,0.0,True,0.9998531341552734,0.99999737739563,0.9999991257985432,0.9999998807907104,0.9999623795350392,0.9998531341552734
mp-556721,Ba5Re3BrO15,185,P6_3cm,0.0,True,0.9999401569366456,0.9998912811279296,0.9999986886978148,0.9999998807907104,0.9999575018882751,0.9998912811279296
mp-1195796,TeHO3,33,Pna2_1,0.0,True,0.9998201727867126,0.9999964237213136,0.9999990463256836,0.9999998807907104,0.999953880906105,0.9998201727867126
mp-6800,KLiSO4,159,P31c,0.0,True,0.9999828338623048,0.9998316764831544,0.9999991655349731,1.0,0.999953418970108,0.9998316764831544
mp-557878,KNi(PO3)3,146,R3,0.0,True,0.9999576807022096,0.999854564666748,0.9999993244806924,1.0,0.9999528924624124,0.999854564666748
mp-1208522,Tb3TlF10,186,P6_3mc,0.0,True,0.9999901056289672,0.9997977614402772,0.999998927116394,1.0,0.9999466985464096,0.9997977614402772
mp-1224251,K3Er7S12,31,Pmn2_1,0.0,True,0.9997909665107728,0.9999960660934448,0.9999945163726808,1.0,0.9999453872442244,0.9997909665107728
mp-1198243,Mg2Be3P3H13O19,173,P6_3,0.0,True,0.9999785423278807,0.9997982382774352,0.9999993642171224,1.0,0.9999440362056096,0.9997982382774352
mp-28726,KYF4,144,P3_1,0.0,True,0.9997902512550354,0.9999765157699584,0.999998132387797,0.9999998807907104,0.9999411950508752,0.9997902512550354
mp-1223429,KNaP6(PbO3)8,143,P3,0.0,True,0.9997630715370178,0.9999960660934448,0.9999992450078328,0.9999998807907104,0.9999395658572514,0.9997630715370178
mp-860963,Ag2H4(SO4)3,33,Pna2_1,0.0,True,0.9999767541885376,0.9997698664665222,0.999999483426412,1.0,0.999936526020368,0.9997698664665222
mp-15225,Nd2Si2O7,76,P4_1,0.0,True,0.9999200105667114,0.9998239874839784,0.9999994039535522,1.0,0.9999358505010604,0.9998239874839784
mp-1197125,K3Al2(AsO4)3,33,Pna2_1,0.0,True,0.99998140335083,0.9997153878211976,0.9999995628992716,0.9999998807907104,0.9999240587155024,0.9997153878211976
mp-31286,K3Bi,185,P6_3cm,0.0,True,0.9999626874923706,0.9997195601463318,0.999999205271403,1.0,0.9999203632275264,0.9997195601463318
mp-15385,Na2UP2O9,33,Pna2_1,0.0,True,0.9997643828392028,0.9999150037765504,0.9999992450078328,0.9999959468841552,0.9999186446269352,0.9997643828392028
mp-1221168,NaCa10(PO4)7,146,R3,0.0,True,0.9997262358665466,0.9999438524246216,0.9999994039535522,1.0,0.99991737306118,0.9997262358665466
mp-542840,In2Si2Pb2O9,33,Pna2_1,0.0,True,0.9996829032897948,0.9999715089797974,0.9999992450078328,1.0,0.9999134143193562,0.9996829032897948
mp-14722,NaSrAlF6,33,Pna2_1,0.0,True,0.9999648332595824,0.9996867179870604,0.9999994039535522,0.9999998807907104,0.9999127089977264,0.9996867179870604
mp-1226809,CdHOF,31,Pmn2_1,0.0,True,0.9998120665550232,0.9998395442962646,0.999999205271403,0.9999998807907104,0.9999126742283504,0.9998120665550232
mp-6434,RbAlSiO4,33,Pna2_1,0.0,True,0.9999942779541016,0.999648928642273,0.999999205271403,0.9999998807907104,0.999910573164622,0.999648928642273
mp-541712,Ce3Si6N11,100,P4bm,0.0,True,0.9996309280395508,0.9999938011169434,0.999999483426412,1.0,0.9999060531457266,0.9996309280395508
mp-23612,K3B6BrO10,160,R3m,0.0,True,0.9999935626983644,0.9996057152748108,0.9999991655349731,1.0,0.999899610877037,0.9996057152748108
mp-1195216,KSr(BH4)3,33,Pna2_1,0.0,True,0.9999903440475464,0.9996019005775452,0.9999992450078328,1.0,0.999897872408231,0.9996019005775452
mp-626417,CsH3O2,38,Amm2,0.0,True,0.9995649456977844,0.999996304512024,0.9999991257985432,1.0,0.9998900940020878,0.9995649456977844
mp-680170,Cs2Ti2S9,146,R3,0.0,True,0.999530553817749,0.9999966621398926,0.9999993642171224,1.0,0.999881645043691,0.999530553817749
mp-569702,KPSe3,144,P3_1,0.0,True,0.999948263168335,0.9995274543762208,0.999999443689982,1.0,0.9998687903086344,0.9995274543762208
mp-546500,NaCNO,160,R3m,0.0,True,0.9999934434890748,0.9994465708732604,0.9999991257985432,1.0,0.9998597850402196,0.9994465708732604
mp-1220764,NaHfScO4,26,Pmc2_1,0.0,True,0.9994373917579652,0.9999960660934448,0.999999483426412,0.999998927116394,0.999857967098554,0.9994373917579652
mp-559057,NbTl(BO3)2,33,Pna2_1,0.0,True,0.9994301199913024,0.9999939203262328,0.9999988476435344,0.9999997615814208,0.9998556623856226,0.9994301199913024
mp-27181,KAuCl4,7,Pc,0.0,True,0.999819815158844,0.9996178150177002,0.999998132387797,0.9999786615371704,0.999853606025378,0.9996178150177002
mp-1194339,Li3SbS3,33,Pna2_1,0.0,True,0.9999895095825196,0.999424695968628,0.9999993244806924,0.9999998807907104,0.9998533527056376,0.999424695968628
mp-558859,VCdBiO5,33,Pna2_1,0.0,True,0.999386429786682,0.9999831914901732,0.9999974568684896,0.9999998807907104,0.9998417397340138,0.999386429786682
mp-676934,KCaNd(PO4)2,172,P6_4,0.0,True,0.9993504881858826,0.9999955892562866,0.9999994039535522,1.0,0.9998363703489304,0.9993504881858826
mp-1190907,Rb6HgSe4,186,P6_3mc,0.0,True,0.9993062019348145,0.9999897480010986,0.9999991655349731,1.0,0.9998237788677216,0.9993062019348145
mp-1195436,Cd3BPO7,33,Pna2_1,0.0,True,0.9995844960212708,0.9996987581253052,0.999999205271403,0.9999998807907104,0.9998205850521724,0.9995844960212708
mp-626000,NaHO,4,P2_1,0.0,True,0.9999936819076538,0.9992227554321288,0.9999992847442628,0.9999995231628418,0.9998038113117218,0.9992227554321288
mp-1225916,CsCNO,46,Ima2,0.0,True,0.9992178678512572,0.9999971389770508,0.9999993244806924,1.0,0.99980358282725,0.9992178678512572
mp-1189091,K3B6ClO10,160,R3m,0.0,True,0.9999359846115112,0.99925297498703,0.9999990860621134,1.0,0.9997970114151636,0.99925297498703
mp-554894,MgTlP(H6O5)2,31,Pmn2_1,0.0,True,0.9993855953216552,0.9998018145561218,0.999998370806376,0.9999997615814208,0.9997963855663936,0.9993855953216552
mp-1217271,Th2PNO,156,P3m1,0.0,True,0.9996981620788574,0.9994398951530457,0.999999205271403,1.0,0.9997843156258264,0.9994398951530457
mp-13982,CdCu2GeS4,31,Pmn2_1,0.0,True,0.9995013475418092,0.9994940757751464,0.9999991655349731,0.9999998807907104,0.9997486174106598,0.9994940757751464
mp-766046,Tl(WO3)3,183,P6mm,0.0,True,0.9989840388298036,0.9999898672103882,0.9999992847442628,1.0,0.9997432976961136,0.9989840388298036
mp-5756,Cu3PSe4,31,Pmn2_1,0.0,True,0.9999382495880128,0.9989815354347228,0.9999993642171224,0.9999998807907104,0.999729757507642,0.9989815354347228
mp-1203588,Na3B3(HO2)4,9,Cc,0.0,True,0.9999852180480956,0.999541401863098,0.9999993244806924,0.9993174076080322,0.9997108379999796,0.9993174076080322
mp-1101935,Li4Mg(HN)3,44,Imm2,0.0,True,0.9995593428611756,0.9991262555122375,0.9999992450078328,1.0,0.9996712108453114,0.9991262555122375
mp-1224276,K2VOF4,33,Pna2_1,0.0,True,0.9985499978065492,0.9999959468841552,0.9999992847442628,0.9999998807907104,0.9996362775564194,0.9985499978065492
mp-1029584,KSi5N7,33,Pna2_1,0.0,True,0.9982768297195436,0.999997854232788,0.9999993642171224,0.9999998807907104,0.9995684822400412,0.9982768297195436
mp-42190,K2NaTiOF5,107,I4mm,0.0,True,0.9979918003082277,0.99998939037323,0.999999205271403,1.0,0.9994950989882152,0.9979918003082277
mp-1220604,Nb9PO25,5,C2,0.0,True,0.999990463256836,0.9992833733558656,0.9999991655349731,0.9986465573310852,0.99947988986969,0.9986465573310852
mp-1523241,KEuNb2O6,31,Pmn2_1,0.0,True,0.9978538155555724,0.999996542930603,0.9999993244806924,0.9999998807907104,0.9994623909393946,0.9978538155555724
mp-24066,SrHClO,186,P6_3mc,0.0,True,0.9999908208847046,0.9978194236755372,0.9999991655349731,0.9999998807907104,0.9994523227214812,0.9978194236755372
mp-1194699,Rb14ZnGe16,31,Pmn2_1,0.0,True,0.9999945163726808,0.9999977350234984,0.997786064942678,0.9999992847442628,0.99944440027078,0.997786064942678
mp-568350,Rb2ZnCl4,33,Pna2_1,0.0,True,0.9999923706054688,0.99998676776886,0.99764879544576,0.9999998807907104,0.9994069536526996,0.99764879544576
mp-1190192,RbI(OF)2,29,Pca2_1,0.0,True,0.9975626468658448,0.9999887943267822,0.9999991257985432,0.9999994039535522,0.9993874927361804,0.9975626468658448
mp-1228855,CsRb2Au7,38,Amm2,0.0,True,0.9978197813034058,0.9996449947357178,0.999999483426412,1.0,0.999366064866384,0.9978197813034058
mp-24157,PH8N2O3F,33,Pna2_1,0.0,True,0.99732106924057,0.999995231628418,0.999906281630198,0.9999998807907104,0.999305615822474,0.99732106924057
mp-604229,ZnH3CNO3,33,Pna2_1,0.0,True,0.9972149133682252,0.999996304512024,0.999999443689982,1.0,0.999302665392558,0.9972149133682252
mp-1203210,ZnTeH12Se3N4,29,Pca2_1,0.0,True,0.99791818857193,0.9986940026283264,0.9999991655349731,0.9996799230575562,0.9990728199481964,0.99791818857193
mp-1219776,Rb3Er7S12,31,Pmn2_1,0.0,True,0.9963086247444152,0.9999285936355592,0.9999627272288004,1.0,0.9990499864021936,0.9963086247444152
mp-649616,Pd(XeF8)2,29,Pca2_1,0.0,True,0.9999840259552002,0.9958752989768982,0.9999992450078328,0.9999998807907104,0.9989646126826603,0.9958752989768982
mp-1245967,Zn3WN4,31,Pmn2_1,0.0,True,0.9959127306938172,0.9999370574951172,0.999999443689982,0.9999998807907104,0.9989622781674068,0.9959127306938172
mp-1020740,YBe2B5O11,33,Pna2_1,0.0,True,0.9958311915397644,0.9999954700469972,0.9999995231628418,0.9999997615814208,0.998956486582756,0.9958311915397644
mp-557340,Ge3Pb5O11,143,P3,0.0,True,0.9957001209259032,0.9999958276748656,0.9999991655349731,1.0,0.9989237785339355,0.9957001209259032
mp-1217384,TiH8(OF2)3,33,Pna2_1,0.0,True,0.9957013726234436,0.9999622106552124,0.999999205271403,1.0,0.9989156971375148,0.9957013726234436
mp-1222204,Na3As4H5O14,33,Pna2_1,0.0,True,0.9999895095825196,0.9951280355453492,0.9999996026357016,1.0,0.9987792869408928,0.9951280355453492
mp-1220584,Nb9AsO25,5,C2,0.0,True,0.9999892711639404,0.9983841180801392,0.999999205271403,0.996648609638214,0.998755301038424,0.996648609638214
mp-1190399,Na2Zn(GeS3)2,9,Cc,0.0,True,0.9999933242797852,0.9999949932098388,0.9999988476435344,0.9940618872642516,0.9985122630993526,0.9940618872642516
mp-19123,Rb2LiVO4,36,Cmc2_1,0.0,True,0.9935095906257628,0.9999771118164062,0.999999205271403,1.0,0.998371476928393,0.9935095906257628
mp-680333,Ge4Se9,29,Pca2_1,0.0,True,0.9992069602012634,0.9999840259552002,0.9999993244806924,0.9932414293289183,0.9981079349915186,0.9932414293289183
mp-2713742,CaTi(SO4)3,161,R3c,0.0,True,0.9913689494132996,0.9999833106994628,0.9999993642171224,1.0,0.9978379060824712,0.9913689494132996
mp-1203143,Nb2S3O14,33,Pna2_1,0.0,True,0.990853488445282,0.9999969005584716,0.999999205271403,0.9999998807907104,0.9977123687664669,0.990853488445282
mp-542839,TlSbAu,33,Pna2_1,0.0,True,0.9999593496322632,0.989784300327301,0.9997677803039552,0.9999998807907104,0.9973778277635574,0.989784300327301
mp-1181839,Cs4Sr(SnSe3)3,146,R3,0.0,True,0.9893661737442015,0.9999966621398926,0.9999992847442628,1.0,0.9973405301570892,0.9893661737442015
mp-559868,NaLa(CO3)2,26,Pmc2_1,0.0,True,0.9884458780288696,0.9999526739120485,0.9999996026357016,0.9999998807907104,0.9970995088418324,0.9884458780288696
mp-560629,K3Al2(PO4)3,33,Pna2_1,0.0,True,0.9999891519546508,0.9999924898147584,0.9880642294883728,0.9999998807907104,0.9970114380121232,0.9880642294883728
mp-18481,K6MnSe4,186,P6_3mc,0.0,True,0.9853910207748412,0.999996304512024,0.999999205271403,1.0,0.996346632639567,0.9853910207748412
mp-18753,Na3Mo(OF)3,146,R3,0.0,True,0.9999769926071168,0.9849390983581544,0.9999991655349731,1.0,0.996228814125061,0.9849390983581544
mp-1200414,Sr(BH)12,159,P31c,0.0,True,0.986095368862152,0.9970566034317015,0.9999992450078328,1.0,0.9957878043254216,0.986095368862152
mp-14377,KTaGeO5,33,Pna2_1,0.0,True,0.9828166961669922,0.9999974966049194,0.999999205271403,0.9999998807907104,0.9957033197085062,0.9828166961669922
mp-19179,Ba2V(SiO4)2,100,P4bm,0.0,True,0.9999504089355468,0.9812410473823548,0.9999990860621134,0.9999998807907104,0.9952976057926812,0.9812410473823548
mp-1223483,KNaAs6(PbO3)8,143,P3,0.0,True,0.9811862707138062,0.999958872795105,0.9999993642171224,1.0,0.9952861269315084,0.9811862707138062
mp-1223480,KNd9(Si3O13)2,143,P3,0.0,True,0.9999293088912964,0.980034351348877,0.9999992847442628,1.0,0.994990736246109,0.980034351348877
mp-18147,LiGaSiO4,146,R3,0.0,True,0.9795069098472596,0.9999874830245972,0.9999992847442628,1.0,0.9948734194040298,0.9795069098472596
mp-559447,Gd3Se4O12F,186,P6_3mc,0.0,True,0.9999603033065796,0.9788176417350768,0.999998927116394,1.0,0.9946942180395126,0.9788176417350768
mp-29909,Ba4I6O,186,P6_3mc,0.0,True,0.9998875856399536,0.9768800735473632,0.9999990463256836,1.0,0.99419167637825,0.9768800735473632
mp-677467,Rb5Te3H4NCl18,156,P3m1,0.0,True,0.9999911785125732,0.975131630897522,0.9999992450078328,0.9999998807907104,0.9937804838021596,0.975131630897522
mp-1209461,Rb2W3SeO12,173,P6_3,0.0,True,0.974696695804596,0.9999821186065674,0.9999990860621134,0.9999998807907104,0.9936694453159968,0.974696695804596
mp-1192129,Tl3V5O14,157,P31m,0.0,True,0.9734089970588684,0.9999970197677612,0.9999992847442628,1.0,0.9933513253927232,0.9734089970588684
mp-707874,Ba7Cu3H17,159,P31c,0.0,True,0.9999889135360718,0.9718518257141112,0.9999992847442628,1.0,0.9929600059986116,0.9718518257141112
mp-1221151,Na4Sn(GeS3)2,5,C2,0.0,True,0.9999951124191284,0.9999943971633912,0.9703706105550132,0.9999994039535522,0.9925898810227712,0.9703706105550132
mp-1209005,Sr2B5BrO9,34,Pnn2,0.0,True,0.9690874218940736,0.9999611377716064,0.9999993244806924,0.9999998807907104,0.9922619412342708,0.9690874218940736
mp-1030245,Ca3ReN4,159,P31c,0.0,True,0.9679049849510192,0.999981164932251,0.9999992847442628,0.9999998807907104,0.9919713288545609,0.9679049849510192
mp-39140,Na4Al3Si3HO13,161,R3c,0.0,True,0.9999810457229614,0.958929181098938,0.9999993642171224,1.0,0.9897273977597556,0.958929181098938
mp-556009,MgTlAs(H6O5)2,31,Pmn2_1,0.0,True,0.993549644947052,0.9612662196159364,0.9999969800313314,0.9999997615814208,0.9887031515439352,0.9612662196159364
mp-29136,Sr6Cu3N5,105,P4_2mc,0.0,True,0.9964755177497864,0.9559251070022584,0.999999205271403,1.0,0.988099957505862,0.9559251070022584
mp-1218652,Sr5V3O13,173,P6_3,0.0,True,0.949223816394806,0.9999910593032836,0.9999986886978148,0.9999998807907104,0.9873033612966536,0.949223816394806
mp-642725,CaHClO,186,P6_3mc,0.0,True,0.9999880790710448,0.9433025121688844,0.9999992450078328,1.0,0.9858224590619404,0.9433025121688844
mp-1210126,NaSm(CO3)2,26,Pmc2_1,0.0,True,0.918182373046875,0.9999722242355348,0.9999992450078328,0.9996115565299988,0.9794413497050602,0.918182373046875
mp-17207,Tl4GeS4,9,Cc,0.0,True,0.999987244606018,0.999995231628418,0.912346363067627,0.9828613996505736,0.9737975597381592,0.912346363067627
mp-13252,SnB4O7,31,Pmn2_1,0.0,True,0.8928728103637695,0.9999573230743408,0.999999205271403,0.9999998807907104,0.973207304875056,0.8928728103637695
mp-1095291,Li2SnSe3,9,Cc,0.0,True,0.9999947547912598,0.9999977350234984,0.8864930868148804,0.9999996423721312,0.9716213047504424,0.8864930868148804
