Material_Name,Material_ID,Workflow_Status,Max_Distortion (Å),Spontaneous_Strain (unitless),Symmetry_Change (Delta_SG),Bandgap (eV),Avg_Distortion (Å),Structural_Delta,Volume_Change_Ratio,Delta_Bandgap (eV),Delta_E (eV/atom),Ps (uC/cm2),Label
Mo(HO2)2,mp-625600,COMPLETED,0.3983,0.0175,1,3.2043999999999997,0.0477,0.039,0.013622571608394916,0.040200000000000014,-0.0010506192857135943,0.2426394223740693,none_ferroelectric
Al(HO)3,mp-626435,COMPLETED,0.4207,0.0204,1,5.0108,0.0284,0.042,-0.022870226867788383,0.20069999999999943,0.009805356071429294,0.11684515684569968,ferroelectric
Mo(HO2)2,mp-626586,COMPLETED,1.1971,0.0284,1,2.1433,0.112,0.221,-0.024985481551843734,-0.9784999999999999,-0.07732342285714289,16.27516280207462,none_ferroelectric
U3(HO5)2,mp-626114,COMPLETED,1.3472,0.0127,1,1.8482999999999998,0.1095,0.135,0.01930676516168644,0.10070000000000023,0.03353437666666714,22.950225136779864,none_ferroelectric
U3(HO5)2,mp-626114,COMPLETED,0.645,0.007,1,1.8482999999999998,0.0664,0.068,-0.01842742986337792,-0.10809999999999986,-0.033704994666665655,22.95017880211903,none_ferroelectric
Li3Fe2(PO4)3,mp-762728,DEFUSED,1.4858,0.0079,1,2.4560000000000004,0.0661,0.074,-0.0053833222168259386,-0.07490000000000041,null,null,none_ferroelectric
NaHO,mp-626000,COMPLETED,0.1921,0.0117,7,2.9884,0.1188,0.089,-0.014593977915152672,0.16510000000000025,0.0018497233333327756,10.704547267007257,ferroelectric
Mo(HO2)2,mp-626582,COMPLETED,1.0607,0.0112,1,2.5118,0.0824,0.085,-0.002946079830087469,-0.6414,-0.047647417857143104,39.1726829066601,none_ferroelectric
CuBi(WO4)2,mp-565192,COMPLETED,0.0665,0.0008,1,1.3261000000000003,0.011,0.014,-0.0022366306999849006,0.011600000000000499,8.955916666675279e-05,0.8239216579822344,ferroelectric
H10C3NClO4,mp-554570,COMPLETED,0.2543,0.0085,7,5.6126,0.0505,0.071,0.019888924334193318,-0.008700000000000152,-0.00048032473684234134,0.30840651021867754,ferroelectric
Cs2HgI4,mp-567594,COMPLETED,0.0599,0.0026,7,2.114,0.0251,0.019,0.0019512725403006532,0.11399999999999988,-0.0007571328571427394,0.33637725835464277,ferroelectric
V7O13,mp-715598,DEFUSED,0.2473,0.0027,1,0.5467,0.0126,0.024,0.0007841140146181378,-0.03059999999999974,null,null,none_ferroelectric
Eu2GeSe4,mp-629088,DEFUSED,0.3705,0.0069,7,0.017200000000000326,0.1226,0.057,0.002839094582015582,0.15249999999999986,null,null,none_ferroelectric
K2ZnBr4,mp-23535,COMPLETED,0.1216,0.0038,7,3.6744000000000003,0.0478,0.032,0.008500421250309293,0.18549999999999978,0.0010260692857144704,1.9486464683118552,ferroelectric
BaCa(CO3)2,mp-644852,COMPLETED,0.6048,0.0212,7,4.7581,0.1902,0.09,0.06494097019757725,-0.06510000000000105,-0.015758228999999346,0.008265569363080585,ferroelectric
CuI,mp-673245,COMPLETED,0.1261,0.0027,209,1.1656999999999993,0.0765,0.043,0.014263755686183785,0.008899999999999686,-0.0034394937499997447,0.04250001658325736,ferroelectric
RbHO,mp-626721,COMPLETED,0.4036,0.0136,7,3.3986,0.2436,0.168,-0.030241283936542098,0.2421000000000002,0.007409761666667514,10.52000604596955,ferroelectric
BaCO3,mp-762225,COMPLETED,1.2689,0.0396,7,4.4577,0.5056,0.401,0.09000529820818272,0.2030000000000003,0.0010368820000001833,0.9612651494739114,ferroelectric
Ba3Ce2C5O15F2,mp-667381,RUNNING,0.2438,0.0184,9,0.02289999999999992,0.0164,0.083,0.05667106305074691,0.021600000000000286,null,null,none_ferroelectric
KCeSiS4,mp-22809,DEFUSED,0.2954,0.0048,7,0.0,0.0798,0.04,0.010995752696629222,0.12839999999999918,null,null,none_ferroelectric
KLaSiS4,mp-861938,COMPLETED,0.276,0.0059,7,2.8472000000000004,0.077,0.033,0.003546248248530372,0.1342999999999992,0.002745851428572088,7.425558822676746,ferroelectric
SrMgF4,mp-561022,COMPLETED,0.8298,0.0135,7,6.6581,0.1068,0.09,-0.029673574941069206,0.6399000000000008,0.0348199340277775,10.748699271639234,ferroelectric
Li2Co(CO3)2,mp-765128,COMPLETED,1.3425,0.0223,10,2.0892,0.1624,0.184,-0.032069949861979564,-0.04640000000000022,-0.024686510227271974,1.2312861429309085,none_ferroelectric
Li2Co(CO3)2,mp-765126,COMPLETED,1.3899,0.0267,10,2.1362,0.138,0.231,-0.020053472431152613,-0.01949999999999985,-0.01913037000000095,4.900651618156404,none_ferroelectric
Ba2YF7,mp-768350,COMPLETED,1.238,0.0467,10,6.5159,0.2176,0.126,0.04256189420569493,-0.14039999999999964,-0.06442426050000005,0.7027941352683859,ferroelectric
Fe7S8,mp-850411,DEFUSED,0.1198,0.0062,10,0.0,0.0263,0.05,0.010902593318482931,0.0,null,null,none_ferroelectric
Cu2H10C6S3N4,mp-600236,COMPLETED,0.9644,0.0021,10,2.7727000000000004,0.0686,0.048,-0.001421090747406812,0.22120000000000006,-0.007265097800000397,0.016473260844866947,ferroelectric
LiMn2F7,mp-765204,DEFUSED,0.8107,0.0084,10,0.4462999999999999,0.1284,0.079,0.017905567408934918,0.33519999999999994,null,null,none_ferroelectric
CaB3H5O8,mp-560899,COMPLETED,0.9462,0.0029,10,5.6111,0.0579,0.028,-0.0007207610702563376,0.0671999999999997,0.004396288235293255,0.6164959458192714,ferroelectric
Zn(HO)2,mp-625857,COMPLETED,1.2397,0.0223,15,2.9905999999999997,0.4877,0.504,-0.006477207192181984,0.024799999999999933,-0.0015538534999999243,0.5565078060714915,none_ferroelectric
FeHO2,mp-625314,DEFUSED,1.4769,0.243,15,2.0458000000000003,0.5459,3.642,0.021006004570855778,-0.27279999999999993,null,null,none_ferroelectric
H2O,mp-557082,COMPLETED,0.8316,0.0086,15,5.481,0.1422,0.125,0.0009848217505753418,-0.07800000000000118,-0.0007808905555553025,13.47341455251172,ferroelectric
FeHO2,mp-625314,DEFUSED,1.4918,0.245,58,2.0433000000000003,0.5416,3.645,0.0156295561533958,-0.29489999999999994,null,null,none_ferroelectric
LiCoPO4,mp-761753,DEFUSED,1.4358,0.04,58,2.6198,0.301,0.345,0.07777641608830974,0.3241000000000005,null,null,none_ferroelectric
H2O,mp-557082,COMPLETED,0.7612,0.0056,15,5.481,0.0625,0.051,-0.002852719220417589,0.017799999999999372,0.0002386261111109178,13.473425185691521,ferroelectric
LiCoPO4,mp-761753,DEFUSED,1.0996,0.052,58,2.6198,0.1929,0.182,0.09730107273426554,0.1788000000000003,null,null,none_ferroelectric
LiNiPO4,mp-763217,DEFUSED,0.0748,0.0014,58,3.9491,0.0175,0.014,-0.0016610249504458961,-0.004999999999999449,null,null,none_ferroelectric
SiO2,mp-972808,COMPLETED,1.0336,0.0331,178,5.590599999999999,0.4353,0.176,-0.11180177947942166,0.1504999999999992,-0.009821769166666883,0.3772812890001311,ferroelectric
LiNiPO4,mp-763217,COMPLETED,1.3728,0.0903,59,3.9471,0.3301,0.92,-0.029451118689937716,1.3820000000000001,0.10033645071428499,0.4136677095459791,none_ferroelectric
HgC2(SN)2,mp-610992,COMPLETED,0.0554,0.0022,7,2.1357,0.0304,0.015,-0.009620822890236424,0.1076999999999999,-0.002305007142856752,0.910701813140262,ferroelectric
SiO2,mp-555891,COMPLETED,0.8004,0.0128,178,5.3892,0.268,0.131,0.026111134587911238,-0.05050000000000043,-0.003363003333333836,0.03528770481795638,ferroelectric
Li3Mg,mp-976139,DEFUSED,0.4398,0.1735,196,0.0,0.2165,2.068,0.0034151656406447226,0.0,null,null,none_ferroelectric
LiNiPO4,mp-763217,COMPLETED,1.4243,0.0295,58,3.9471,0.3107,0.213,-0.013448623284064484,1.2007999999999996,0.09509461642857087,0.4120489674190413,none_ferroelectric
MgH8(ClO6)2,mp-989229,COMPLETED,1.2968,0.0293,7,5.1842,0.1985,0.109,0.07089704723131576,-0.133,-0.01805036760869605,1.0086883649303557,none_ferroelectric
BaTi2O5,mp-555966,COMPLETED,0.1388,0.0057,7,2.2069000000000005,0.0192,0.018,0.0019788689807455793,0.3155999999999999,0.003140978958333207,15.310260776135928,ferroelectric
Ag(CO)2,mp-600237,COMPLETED,0.076,0.0005,10,0.9916,0.0112,0.008,-0.0002534875473145825,-0.011800000000000033,-0.0005193063749997506,0.004571590373395742,ferroelectric
RbCuCl3,mp-571305,DEFUSED,0.0533,0.001,10,0.3007,0.016,0.007,0.004496982841608291,-0.08889999999999998,null,null,none_ferroelectric
GaN5O14,mp-541950,COMPLETED,0.5644,0.0178,77,1.2656,0.1175,0.085,-0.02119411919962626,0.06509999999999994,0.0021530070000004287,0.029288946162179443,ferroelectric
Li4CO4,mp-550320,COMPLETED,0.6457,0.0589,116,5.05,0.2648,0.619,0.14764668394495706,-1.2615999999999996,0.058191649999998596,48.99224894689367,ferroelectric
K4CO4,mp-551561,COMPLETED,0.3228,0.0286,116,1.9965999999999997,0.1503,0.255,0.033363453340683864,-0.4657,0.006261023888888495,16.653438875650806,ferroelectric
RbCrCl3,mp-568864,DEFUSED,0.0615,0.0036,10,0.4712000000000003,0.0161,0.006,-0.006553988391355353,-0.054200000000000026,null,null,none_ferroelectric
Na4CO4,mp-13274,COMPLETED,0.7047,0.0638,116,2.1832000000000003,0.3024,0.694,0.1410123205583996,-1.1345999999999998,0.02634734222222246,39.173487580322686,ferroelectric
Rb4CO4,mp-551176,COMPLETED,0.35,0.0251,116,1.4061000000000001,0.1483,0.193,0.011044344818955687,1.3837999999999995,0.003062957777777875,14.604929924498254,ferroelectric
Pr(HO)3,mp-625452,COMPLETED,0.2746,0.0091,5,3.7597999999999994,0.0302,0.067,0.0102082223261365,-0.034799999999999276,0.0015243907142847846,0.14299514426806084,ferroelectric
Pr(HO)3,mp-625452,COMPLETED,0.1985,0.0088,170,3.7597999999999994,0.0192,0.024,0.026258767243507314,0.06670000000000087,-0.0001266785714300056,0.14196660692732116,ferroelectric
Te(HO2)2,mp-625526,COMPLETED,1.2009,0.0239,7,1.6931999999999998,0.2782,0.147,0.04393032266370579,-0.04579999999999984,0.012548795000000723,21.94843696329358,none_ferroelectric
MnSbSe2Br,mp-639335,DEFUSED,0.1221,0.0038,49,0.41510000000000025,0.0065,0.029,0.0076379636237157095,-0.13129999999999953,null,null,none_ferroelectric
H4SO5,mp-626448,COMPLETED,0.1887,0.0062,7,5.65,0.0326,0.048,-0.010639360068069868,-0.07760000000000034,-9.406649999998962e-05,1.0302899627475375,ferroelectric
H5IO6,mp-625256,COMPLETED,0.8161,0.0226,7,2.3256,0.0806,0.08,-0.0028605230705049146,-0.15149999999999997,-0.0011379889583329472,0.3167005554400453,ferroelectric
PH3O4,mp-626450,COMPLETED,0.8285,0.025,7,5.666,0.1036,0.055,-0.06351485701436511,-0.24679999999999946,-0.01343375187500051,4.08241526585695,ferroelectric
H5IO6,mp-625256,COMPLETED,1.3556,0.0174,7,2.3256,0.1572,0.151,0.00726486819796861,-0.03359999999999985,0.005273250624999726,28.483235020084688,none_ferroelectric
PH3O4,mp-626450,COMPLETED,0.3953,0.0117,7,5.666,0.0485,0.064,-0.00266385666519214,0.01690000000000058,-0.0028054403124997407,4.082390255898901,ferroelectric
PH3O4,mp-626450,COMPLETED,1.1527,0.0228,7,5.666,0.1588,0.091,-0.007405859074945621,0.026099999999999568,0.010130240312499872,4.082368758203603,none_ferroelectric
Ag2BiO3,mp-561113,COMPLETED,0.3833,0.0078,45,0.5096000000000003,0.0625,0.039,-0.00434470160584779,0.5019999999999998,0.0025263750000004137,14.528007315217412,none_ferroelectric
KAuCl4,mp-27181,COMPLETED,0.0507,0.0018,7,1.3919,0.0158,0.012,0.005368013536773183,-0.05059999999999998,0.00013235541666656303,0.2747173515480337,ferroelectric
Fe3O4,mp-612405,DEFUSED,0.1653,0.0109,4,1.0427,0.0286,0.07,-0.015585909553168631,-0.3505999999999996,null,null,none_ferroelectric
Al(HO)3,mp-626587,COMPLETED,0.7604,0.0075,54,4.9505,0.0879,0.051,-0.0006380064478220569,0.04290000000000038,0.008066327321428979,8.11134611772383,ferroelectric
SiO2,mp-553881,DEFUSED,1.4709,0.1955,218,3.5967,0.7046,1.536,0.35395069469682805,2.2030000000000007,null,null,none_ferroelectric
Ti3(BiO3)4,mp-723064,COMPLETED,0.553,0.0071,132,2.3579,0.1096,0.09,0.02910591964858351,0.9901999999999997,0.06185247499999935,58.0511491220694,ferroelectric
K4CO4,mp-605843,COMPLETED,0.2446,0.018,113,2.1884,0.0646,0.091,0.0029396029011685932,-0.11950000000000038,0.0024171494444447106,10.158982344529756,ferroelectric
SiO2,mp-557881,COMPLETED,0.1272,0.0007,4,5.5258,0.0199,0.009,-0.0027320673887880026,0.010600000000000165,-0.00039171861111064743,0.016776652225272144,ferroelectric
Sr(H2O3)2,mp-625836,COMPLETED,1.0298,0.0152,6,3.0286,0.1986,0.096,0.05105020968277704,0.5933999999999999,-0.03822811090909095,7.675209562595224,none_ferroelectric
V2O3,mp-553955,DEFUSED,1.3883,0.1021,6,0.9898,0.71,0.301,0.9175976434774646,-0.5625999999999998,null,null,none_ferroelectric
NbO2F,mp-752467,COMPLETED,1.4002,0.0268,6,2.2087,0.8185,0.415,0.012488216338121569,0.8820000000000001,0.1115036743749993,127.50480568432904,none_ferroelectric
Cd2P3Cl,mp-29246,COMPLETED,0.0468,0.0011,6,1.2605,0.015,0.004,0.0026828998203179163,-0.0129999999999999,5.3920416666741744e-05,0.8128207459639691,ferroelectric
Cr(PO3)3,mp-566776,COMPLETED,0.271,0.0015,6,3.1847000000000003,0.056,0.026,-0.006151036456163423,0.0506000000000002,0.0011136917307696947,0.33935890295408455,ferroelectric
H2SO4,mp-625474,COMPLETED,1.3606,0.0448,6,5.5421,0.3534,0.448,-0.018587792359611086,-0.5507,-0.04662869107142864,67.38924771470536,none_ferroelectric
K2HS2NO6,mp-695383,COMPLETED,0.5906,0.0088,6,5.2786,0.0765,0.03,-0.015141467909399547,0.20669999999999966,0.005607621041666455,3.205424464011094,ferroelectric
H2SO4,mp-625445,COMPLETED,1.0261,0.0149,6,5.8003,0.2734,0.211,0.027421485359620072,-0.5198,-0.033701177857142994,50.9724404875533,none_ferroelectric
FeBiO3,mp-24942,COMPLETED,0.6138,0.0206,61,1.7809,0.2487,0.101,2.3079382399269157,null,0.18231567733333343,124.52538625941162,none_ferroelectric
ScBiO3,mp-555313,COMPLETED,0.0913,0.0002,6,2.6986,0.0239,0.01,0.0007723533369116662,0.023800000000000487,0.00010580149999928068,5.6810957790006285,ferroelectric
Zn3(BO3)2,mp-559949,COMPLETED,0.0297,0.0003,6,2.7464,0.0047,0.004,-0.0007745669961192857,0.02069999999999972,-5.9687840908928536e-05,0.06336588745616482,ferroelectric
LiCu4(PO4)3,mp-761193,DEFUSED,1.4866,0.0662,6,0.0,0.1447,0.152,-0.10176098168081556,-0.26180000000000003,null,null,none_ferroelectric
LiFe4(PO4)3,mp-762896,COMPLETED,1.2472,0.0188,6,2.2147,0.1028,0.073,-0.04740293476736486,-1.0087000000000002,-0.01027577712499994,16.151716676624602,none_ferroelectric
Ba2Nd2Co4O11,mp-561781,DEFUSED,0.0656,0.0068,22,0.0,0.0098,0.018,-0.014022801308099273,-0.0618000000000003,null,null,none_ferroelectric
LiMn4(PO4)3,mp-32021,DEFUSED,1.1704,0.0135,6,2.5592,0.107,0.078,-0.03538662078181412,0.8342999999999998,null,null,none_ferroelectric
Sr(HO)2,mp-625184,COMPLETED,0.211,0.0034,36,3.9957000000000003,0.0384,0.029,0.01378067620106906,-0.05740000000000034,-0.0013997975000004104,1.1654561415252553,ferroelectric
Li6PS5I,mp-950995,COMPLETED,0.7442,0.0081,207,2.2888,0.1406,0.056,-0.03021411112562889,0.2536999999999998,0.01621801692307745,2.5638913624270634,ferroelectric
Sr(HO)2,mp-625184,COMPLETED,0.2737,0.0036,36,3.9957000000000003,0.0543,0.028,-0.007536451957276848,0.013500000000000068,0.0024574799999994568,1.1653750601614499,ferroelectric
LiNi4(PO4)3,mp-868339,DEFUSED,1.3535,0.0104,6,2.5303999999999998,0.1047,0.073,-0.030388384591376525,-0.6408999999999998,null,null,none_ferroelectric
VHO2,mp-626791,DEFUSED,0.1384,0.0065,36,1.5037000000000003,0.0418,0.048,-0.011959407168862467,0.030299999999999994,null,null,none_ferroelectric
Fe3O4,mp-715275,DEFUSED,1.3208,0.0191,31,0.6031999999999993,0.2925,0.166,-0.08603127816216488,0.2504000000000004,null,null,none_ferroelectric
H4CSN2,mp-721896,COMPLETED,0.6561,0.0244,36,3.3423,0.1807,0.149,-0.10154815196933771,-0.3323999999999998,-0.006046623437500287,4.842227345960869,ferroelectric
PbO,mp-550714,COMPLETED,0.3509,0.0383,28,2.2317000000000005,0.472,0.165,0.10831266556322569,0.07299999999999995,-0.001940818750000517,54.297268789588834,ferroelectric
VHO2,mp-626791,DEFUSED,0.1554,0.0014,36,1.5037000000000003,0.0459,0.027,0.004902986166196342,-0.04209999999999958,null,null,none_ferroelectric
Fe3O4,mp-715275,DEFUSED,0.229,0.0004,37,0.6031999999999993,0.0625,0.04,0.0018702812035462585,-0.11519999999999975,null,null,none_ferroelectric
TiCdO3,mp-20940,COMPLETED,0.113,0.0031,36,2.4633,0.0444,0.036,0.009051484642936744,0.33660000000000023,0.0027947564999992736,37.19308167354881,ferroelectric
MgH2,mp-569051,COMPLETED,0.6882,0.0411,31,2.365,0.5693,0.398,-0.0998796972463045,-1.2753,-0.03956570083333322,30.936253670835544,ferroelectric
NaNbO3,mp-558920,COMPLETED,0.6557,0.0061,28,2.4044999999999996,0.2009,0.089,0.002948378509640043,0.047900000000000276,-2.3582249999876126e-05,31.48127045702316,ferroelectric
Bi2MoO6,mp-25708,COMPLETED,0.7105,0.0174,32,2.0776999999999997,0.2772,0.134,0.05700832682028299,1.5385999999999997,0.044570781666666726,7.709829976232938,none_ferroelectric
ZrO2,mp-556605,COMPLETED,0.7887,0.0123,196,3.7098999999999998,0.5848,0.21,0.03695049824622103,0.5665,0.04746386583333262,51.160154493966346,ferroelectric
Bi2MoO6,mp-25708,COMPLETED,0.4506,0.0139,35,2.0776999999999997,0.2098,0.105,0.04396467642914996,1.6120999999999999,0.04562882555555614,7.709837006846291,none_ferroelectric
NaNbO3,mp-558920,COMPLETED,0.4897,0.0094,34,2.4044999999999996,0.2081,0.074,-0.03918086628825428,0.5265000000000004,0.02169072049999965,31.48227890127624,ferroelectric
HfO2,mp-685097,COMPLETED,0.8203,0.0123,196,4.3766,0.6104,0.224,0.031178511847282205,0.609,0.060236901666668174,53.422066980856286,ferroelectric
InHO2,mp-504535,COMPLETED,0.2267,0.005,27,1.7811000000000003,0.0903,0.051,0.017273624076530547,-0.061099999999999266,0.010001889999999847,13.158649081385892,ferroelectric
Li3CrO4,mp-770632,DEFUSED,1.3074,0.2827,34,1.1332,0.755,0.307,0.2841491556637974,0.20879999999999987,null,null,none_ferroelectric
LiFeF4,mp-777891,DEFUSED,1.3558,0.0245,31,2.9386,0.3293,0.214,-0.07668891172034442,-0.1469999999999998,null,null,none_ferroelectric
HfPbO3,mp-669414,COMPLETED,0.5928,0.0032,23,2.7954999999999997,0.1742,0.045,0.014985600286564135,0.0741000000000005,-0.0032626570000005017,19.78349566994123,ferroelectric
TlHCO2,mp-558579,COMPLETED,0.0608,0.0023,19,3.5007,0.0431,0.021,0.00867487959400737,0.014899999999999913,-9.592950000048006e-05,0.7594168698973989,ferroelectric
SbO2,mp-230,COMPLETED,1.4609,0.002,19,1.8959000000000001,0.9523,0.295,-0.004692594210365928,-0.022700000000000387,0.0010990287499996754,4.578305333444004,none_ferroelectric
ZrPbO3,mp-647557,COMPLETED,0.3658,0.0044,23,2.8441,0.1051,0.038,0.01987701840898026,0.07099999999999929,-0.004523024250001839,23.52628957952823,ferroelectric
NbSbO4,mp-3491,COMPLETED,0.2072,0.0017,19,2.4456999999999995,0.1092,0.03,-0.006449621353563706,0.07960000000000012,0.0002895687500013011,18.096170928889844,ferroelectric
TiTlPO5,mp-6706,COMPLETED,0.6556,0.0017,19,2.6523999999999996,0.1128,0.025,0.004827753873234186,0.33269999999999955,0.0035592425000006145,22.12819747969203,ferroelectric
SiO2,mp-554089,COMPLETED,1.3731,0.1038,27,5.6545,1.2894,0.743,0.9142471765362247,0.3633999999999986,0.251814589166667,89.92783638242211,none_ferroelectric
AlHg2SbCl4,mp-570828,COMPLETED,0.6893,0.0029,27,0.8906999999999999,0.1562,0.048,-0.007205251893138036,0.0462999999999999,-0.00039260562500009755,0.49364680097623526,ferroelectric
GaHg2SbCl4,mp-568031,COMPLETED,0.7465,0.0034,27,0.8166,0.1687,0.053,-0.010374104424274572,0.06470000000000009,-0.000594112343750286,0.5397238927225425,ferroelectric
K2FeF5,mp-579331,COMPLETED,0.0824,0.0005,27,3.6649,0.0157,0.005,8.344638350580756e-05,0.002000000000000668,-3.218898437573614e-05,0.5471683517302358,none_ferroelectric
K2ZnCl4,mp-618177,COMPLETED,0.1124,0.0017,29,4.4002,0.0652,0.018,-0.005827847411701765,0.0039000000000006807,-0.00039531785714297385,2.2306732749441225,ferroelectric
MgSiO3,mp-557803,COMPLETED,1.4713,0.009,27,4.6615,0.6335,0.274,-0.021211170427875153,0.06870000000000065,-0.0044638627499988814,1.1108532551137624,ferroelectric
Rb2CoCl4,mp-571242,COMPLETED,0.2272,0.0041,29,0.8309,0.0927,0.029,-0.009004358684133202,-0.0040000000000000036,-0.001484608571428403,0.07907740176563215,none_ferroelectric
LiVPO4,mp-765022,COMPLETED,0.0806,0.0003,27,2.6671000000000005,0.0222,0.007,0.0014006110739333644,0.007899999999999352,-0.0013250989285715775,0.12643811634265173,ferroelectric
Rb2ZnCl4,mp-616185,COMPLETED,0.1125,0.0014,29,4.4486,0.0408,0.012,-0.0051490020619852864,0.027499999999999858,-0.0003605271428570589,0.26628560807053414,ferroelectric
Ba2CrO4,mp-566511,COMPLETED,0.0924,0.0008,29,1.7997999999999998,0.0382,0.012,0.0027327811736254353,-0.09210000000000029,-0.00015375607142864567,2.7021511405133953,none_ferroelectric
Cu3Mo2O9,mp-649957,DEFUSED,0.1131,0.0019,29,0.0,0.0337,0.014,0.003214171826372693,-0.009900000000000464,null,null,none_ferroelectric
H3ClO5,mp-625175,COMPLETED,1.1601,0.0252,29,5.3835999999999995,0.4619,0.122,0.08254287364036057,0.3611999999999993,0.046915437500000046,5.234242846616216,ferroelectric
H4NClO4,mp-698084,COMPLETED,0.827,0.0151,29,5.2674,0.2705,0.118,0.04175523329842479,-0.0979000000000001,-0.001201720500000114,2.203500207585305,ferroelectric
H8S(NO2)2,mp-24468,COMPLETED,1.0931,0.0313,29,5.0725999999999996,0.3433,0.332,0.01173436076653544,0.08559999999999945,0.00734995100000102,0.0017976311255299793,ferroelectric
UTe5,mp-651772,DEFUSED,0.1465,0.0085,29,0.0,0.0746,0.074,-0.01287196447511031,0.0,null,null,none_ferroelectric
CrO3,mp-779941,COMPLETED,1.2958,0.0604,29,1.5745,1.1403,0.507,0.005165251092084989,0.32930000000000015,0.02137357750000035,0.370531454996211,ferroelectric
FeHO2,mp-625268,DEFUSED,1.1392,0.0189,29,1.9719000000000002,1.0532,0.414,0.06892033189238157,-0.20860000000000034,null,null,none_ferroelectric
KEr2F7,mp-27925,COMPLETED,0.182,0.0003,29,6.9426000000000005,0.02,0.006,4.191507903443956e-05,0.06670000000000087,-5.0101999999441205e-05,1.527275485606641,ferroelectric
PbCN2,mp-619032,COMPLETED,0.114,0.0085,29,1.8531999999999997,0.0707,0.051,-0.027717466957006734,0.029100000000000126,-0.003248878750000017,10.543112956925123,ferroelectric
FeHO2,mp-625268,DEFUSED,0.8095,0.0182,29,1.9719000000000002,0.5106,0.259,0.061998970300644426,-0.21799999999999975,null,null,none_ferroelectric
TiCdO3,mp-5052,COMPLETED,0.1204,0.0041,29,2.4146,0.0824,0.027,0.011744022756232085,0.30580000000000007,0.0035632195000001587,34.83230967737538,ferroelectric
InBiO3,mp-556892,COMPLETED,1.374,0.0089,29,2.7737,0.7787,0.231,0.025085830903485182,0.3448000000000002,0.011034071999999284,64.74323849972691,none_ferroelectric
NbPO5,mp-556918,COMPLETED,0.1551,0.0011,29,2.2581,0.0768,0.025,-0.0046410438300449105,0.09399999999999986,-0.000605449999998342,4.020326841267374,ferroelectric
LiMnPO4,mp-780646,COMPLETED,1.1483,0.0625,29,3.1529000000000003,0.5479,0.206,0.07101655032684051,-0.2570999999999999,-0.06674566821428662,13.017072035832152,none_ferroelectric
CsZnPO4,mp-559752,COMPLETED,0.6514,0.013,29,3.9656,0.2985,0.159,-0.02062173953981744,0.07760000000000034,0.012272304642857002,0.96244995674462,ferroelectric
LiMnPO4,mp-761551,COMPLETED,1.0466,0.0721,29,3.0320000000000005,0.5574,1.018,0.03686545061310736,-1.1410999999999993,0.01443030357142927,23.169574518117827,none_ferroelectric
PbN6,mp-620058,COMPLETED,0.1537,0.0081,29,2.2917999999999994,0.0432,0.044,0.012118816880240151,0.0055000000000005045,-0.00032794464285679226,0.4294602477286444,ferroelectric
LiMnPO4,mp-766735,COMPLETED,0.8046,0.0479,29,3.3658999999999994,0.4182,0.555,0.009003011796322789,-0.7914999999999996,0.02986187000000129,5.3237804433412785,none_ferroelectric
Li2FeF4,mp-777471,COMPLETED,1.0832,0.05,30,3.5611999999999995,0.6022,0.466,-0.04433121067983025,0.10900000000000043,0.04505446285714321,57.169818200651285,none_ferroelectric
LiVSiO4,mp-767103,COMPLETED,1.3424,0.0654,29,2.635,0.7966,0.281,0.4188021400924539,1.2504999999999993,0.018772486428570545,1.6973644948681224,none_ferroelectric
LiCrPO4,mp-761399,COMPLETED,1.3641,0.0769,30,2.6497,0.702,0.786,0.2196104365609762,1.3781999999999996,0.02763620642857134,38.154515386568235,none_ferroelectric
LiCuPO4,mp-752507,DEFUSED,1.1878,0.0851,30,0.11529999999999996,0.6542,0.997,0.1577738974090285,0.0,null,null,none_ferroelectric
LiFePO4,mp-766763,COMPLETED,1.3306,0.0868,30,3.3203000000000005,0.667,1.042,0.21810986755461653,-0.3017000000000003,0.01312685035714356,25.22057884725713,none_ferroelectric
LiMnPO4,mp-780646,COMPLETED,1.3731,0.0826,30,3.1529000000000003,0.7777,1.207,0.09485395326330592,-0.06330000000000036,0.010813681071429215,13.017094694595102,none_ferroelectric
CaAl2Si2(H2O5)2,mp-24603,COMPLETED,0.7446,0.0045,30,5.0509,0.1324,0.032,-0.00420620312674378,-0.07600000000000051,0.004739087236841577,4.19884280247736,ferroelectric
LiCuPO4,mp-757209,DEFUSED,1.4621,0.057,29,0.30379999999999985,0.7867,0.499,0.20008596479600474,0.16220000000000012,null,null,none_ferroelectric
InCl,mp-571636,COMPLETED,0.036,0.0021,27,1.4193000000000002,0.036,0.022,0.004053529098810951,0.03510000000000035,-0.00012354749999987646,3.812813787627579,ferroelectric
SiO2,mp-554089,COMPLETED,1.4256,0.1066,39,5.6545,1.4284,0.498,0.06878372457645256,0.8956999999999997,0.4149853858333339,89.04400616476215,none_ferroelectric
LiMnPO4,mp-867520,COMPLETED,1.3679,0.0782,30,3.0149,0.6698,0.919,0.22398591391197786,-0.20280000000000076,0.00952270071428618,24.597299800214458,none_ferroelectric
SiO2,mp-554089,COMPLETED,1.4254,0.1053,192,5.6545,1.5035,0.806,0.882217271327636,3.9208,1.2688795549999998,89.93015026003735,none_ferroelectric
LiNiPO4,mp-772673,DEFUSED,1.3184,0.0873,30,3.3311,0.6942,1.105,0.1703806540375621,0.7569000000000004,null,null,none_ferroelectric
Ag2BiO3,mp-23558,DEFUSED,0.1746,0.0032,18,0.3836999999999997,0.058,0.028,-0.0014714715340160339,0.3843000000000001,null,null,none_ferroelectric
Ag2WO4,mp-637188,COMPLETED,0.3335,0.0092,24,1.7994,0.0445,0.016,-0.010162876237796187,-0.26900000000000013,-0.0025972525000002022,1.014265609274019,ferroelectric
Ag2S,mp-32669,COMPLETED,0.1011,0.0053,27,1.3763999999999998,0.0555,0.044,0.007088346921888882,0.2113999999999998,0.00257403583333371,0.39760551607449096,ferroelectric
Sr2Ta2O7,mp-13664,COMPLETED,0.0841,0.0002,27,2.9282000000000004,0.0219,0.01,-0.0005298623704643617,0.01869999999999994,-5.6473863635275734e-05,2.9891032211122326,ferroelectric
Li2VOF4,mp-764695,DEFUSED,1.1765,0.0097,27,1.6902,0.3288,0.113,-0.01933829289518496,-0.02960000000000007,null,null,none_ferroelectric
Cs2PbO3,mp-21521,COMPLETED,0.2847,0.0016,27,1.4042,0.1303,0.036,0.002871322889579083,0.01869999999999994,0.0004189599999993021,7.2182174632884,ferroelectric
Ca3Mn2O7,mp-19042,FIZZLED,0.3341,0.0078,27,0.29990000000000006,0.1541,0.081,0.0015929680399803963,0.2564000000000002,null,null,none_ferroelectric
FeHO2,mp-626102,DEFUSED,0.3016,0.0177,27,1.9061,0.126,0.095,0.0689506867416617,0.038300000000000445,null,null,none_ferroelectric
Ag2S,mp-32669,COMPLETED,0.6648,0.0344,28,1.3763999999999998,0.4796,0.28,0.08925684351653096,1.2957999999999998,0.0820131316666668,48.87414375307055,none_ferroelectric
U(HO2)2,mp-626885,COMPLETED,0.6187,0.0674,28,1.8502999999999998,0.1709,0.509,0.033425973345484555,0.0871000000000004,0.09525655749999995,2.8537490324538464,ferroelectric
Ag10Te4Br3,mp-568386,COMPLETED,0.7017,0.0011,27,0.8677999999999999,0.1081,0.026,-0.0030228150526769855,0.04640000000000022,-0.0024130514705880124,3.8627579800946044,ferroelectric
SiO2,mp-16964,COMPLETED,0.614,0.0118,27,5.667,0.1904,0.113,-0.045202168937115955,0.25349999999999984,0.004192539722220445,0.160251867827613,ferroelectric
HBr,mp-632229,COMPLETED,1.3492,0.2445,33,4.7593,1.1346,0.907,-0.05657952791469981,3.085,0.3193463687500002,72.51796220928972,none_ferroelectric
U(HO2)2,mp-626885,COMPLETED,0.1343,0.0138,28,1.8502999999999998,0.0503,0.104,0.004122960456953774,0.22300000000000075,-0.003663963571428397,2.8534054939863736,ferroelectric
CdTe,mp-685146,DEFUSED,0.9265,0.147,189,0.0,0.832,2.174,0.26156537005298935,0.6234,null,null,none_ferroelectric
HCl,mp-632326,DEFUSED,1.2785,0.1119,189,0.0,1.0927,0.979,1.0541612412877055,5.8162,null,null,none_ferroelectric
HBr,mp-632229,DEFUSED,1.3492,0.1007,189,0.0,1.1346,0.962,0.8579197042767379,4.681,null,null,none_ferroelectric
SiO2,mp-557264,COMPLETED,0.6578,0.0227,28,5.4282,0.2837,0.182,-0.06990907101845278,0.06630000000000003,0.003722883333333371,0.1617452244896291,ferroelectric
Cu8O,mp-704745,DEFUSED,0.7143,0.0596,27,0.0,0.2037,0.128,0.01787048536852966,0.0,null,null,none_ferroelectric
SiO2,mp-556218,COMPLETED,0.4856,0.008,27,5.602,0.1332,0.086,-0.027798182695343798,0.46689999999999987,0.0037797908333327968,0.00906957886036552,ferroelectric
TlF,mp-558134,COMPLETED,0.6506,0.0382,186,3.1073999999999997,0.4623,0.455,0.021284761032314442,0.8008000000000006,0.030002046249999914,6.37188322531995,ferroelectric
PbF2,mp-685150,COMPLETED,0.1022,0.0021,184,4.3727,0.1071,0.023,0.009858363201507911,-0.02439999999999909,-0.002351110833334502,5.016909931169435,ferroelectric
Al11AgO17,mp-849760,COMPLETED,1.118,0.0007,23,3.1460000000000004,0.1003,0.014,-0.001362384167896605,0.1768999999999994,0.00041265043103333454,2.3879534767122976,ferroelectric
Na2FeNiF7,mp-566483,DEFUSED,0.0581,0.0006,30,2.7534,0.0112,0.003,0.0028618143361154843,0.0047999999999999154,null,null,none_ferroelectric
LiB13C2,mp-638070,COMPLETED,0.0551,0.0003,30,2.5549,0.0172,0.008,-1.2579874507903254e-05,0.10939999999999994,-7.223249999999126e-05,0.7817034264120399,ferroelectric
Rb3Mg,mp-974981,DEFUSED,0.649,0.1237,95,0.0,0.3383,1.358,0.0558349011699495,0.0,null,null,none_ferroelectric
RbHF2,mp-677103,COMPLETED,0.0713,0.0044,94,6.6571,0.0377,0.031,-0.0002908953985796176,-0.0246000000000004,-0.0011934731250002883,1.550994258057149,ferroelectric
Na2MgAlF7,mp-19931,COMPLETED,0.2056,0.0004,28,6.6627,0.0386,0.008,0.0003309614282319377,0.013799999999999812,-0.00023642681818181188,1.053385936820778,ferroelectric
MgIn3,mp-973320,DEFUSED,0.4848,0.158,95,0.0,0.3142,1.867,0.010937951561250594,0.0,null,null,none_ferroelectric
Ba(FeS2)2,mp-675078,DEFUSED,0.2845,0.0039,8,0.0,0.1029,0.036,0.008570539370312427,0.0,null,null,none_ferroelectric
BaTiO3,mp-5986,COMPLETED,0.1523,0.0145,122,1.847,0.0564,0.085,0.02727423147053611,0.06159999999999988,0.011334081999998524,45.90206751620079,ferroelectric
Ba(FeS2)2,mp-675078,DEFUSED,0.799,0.0149,18,0.0,0.4042,0.101,-0.07187487244588986,0.0,null,null,none_ferroelectric
EuBaFe2O5,mp-639347,DEFUSED,0.085,0.0004,24,0.0,0.0195,0.009,-0.0011965556443157739,-0.2684999999999995,null,null,none_ferroelectric
BaTiO3,mp-12992,COMPLETED,0.1551,0.0152,122,1.8485999999999998,0.0579,0.089,0.028481651693227493,0.06520000000000037,0.011368860000001035,46.69829133318095,ferroelectric
KNbO3,mp-4342,COMPLETED,0.1468,0.0129,122,1.5627999999999997,0.0532,0.079,0.025037286386557105,0.05489999999999995,0.01070315399999977,48.67171879785538,ferroelectric
SrHfO3,mp-13108,COMPLETED,0.1144,0.0007,122,3.7929000000000004,0.036,0.021,0.0011930643069005293,0.0035000000000002807,1.5635999998764305e-05,15.12745462281164,ferroelectric
TiPbO3,mp-20459,COMPLETED,0.4808,0.0434,122,1.9584000000000001,0.1724,0.291,0.09952848108555129,0.23159999999999936,0.040011545999999676,116.76333533611641,ferroelectric
U,mp-43,DEFUSED,0.225,0.0041,34,0.0,0.1436,0.048,0.005153750081142098,0.0,null,null,none_ferroelectric
K2Zn6O7,mp-559112,COMPLETED,0.2126,0.002,34,0.7946,0.0683,0.024,0.0014815540617569394,0.02729999999999988,-0.0009320516666662115,2.5348778457751187,ferroelectric
Cr2S3,mp-849081,DEFUSED,0.0713,0.0152,2,0.04550000000000054,0.0188,0.065,-0.00269934696153581,0.0,null,null,none_ferroelectric
Ag3SI,mp-22995,COMPLETED,1.0992,0.0093,9,0.5133999999999999,0.6441,0.201,-0.024136215452194958,0.19750000000000023,0.010855524666666838,11.736847646123293,ferroelectric
Na2Ti3Cl8,mp-569978,DEFUSED,0.3648,0.0239,6,0.44090000000000007,0.1151,0.104,-0.07217688597643532,0.4333999999999998,null,null,none_ferroelectric
Al3Pb5F19,mp-541732,COMPLETED,0.7231,0.0122,32,5.1744,0.348,0.122,0.0010724242424286405,0.32260000000000044,0.020451596481481538,13.864083449536132,ferroelectric
La(HO)3,mp-625733,COMPLETED,0.1852,0.0026,3,3.9998,0.2,0.064,-0.007821982950656682,0.30359999999999987,-0.0016480314285711728,17.909113318718358,ferroelectric
LiNbO3,mp-3731,COMPLETED,1.3009,0.0068,6,3.3609,1.0928,0.341,-0.001570946288641088,1.0115000000000003,0.030776858333333657,84.52997623663585,none_ferroelectric
Y(HO)3,mp-625677,COMPLETED,0.0844,0.0036,3,3.8902,0.0913,0.042,-0.003962684128637173,0.15829999999999966,-0.0009782228571424412,7.734751239256424,ferroelectric
SiO2,mp-554946,COMPLETED,0.5479,0.005,75,5.7087,0.0702,0.017,0.018551810233484862,0.025300000000000544,0.005000878368055517,0.026273728393374954,ferroelectric
Ca5P3ClO12,mp-39460,COMPLETED,0.4444,0.0015,3,5.369,0.0768,0.017,0.0037464797860273665,0.0779999999999994,0.0006324366666667913,2.13163643978677,ferroelectric
WO3,mp-32662,COMPLETED,0.2426,0.0014,8,1.4794,0.2059,0.022,0.0008426172103591869,0.20350000000000001,0.0005751175000003883,21.03226886394258,ferroelectric
NdF3,mp-18511,COMPLETED,1.1394,0.0092,8,7.6575999999999995,0.4496,0.107,0.022124865809893732,2.2177999999999995,0.17140859416666743,17.586894579943618,ferroelectric
Tm2NiAs2,mp-568266,DEFUSED,0.1668,0.0034,8,0.0,0.0547,0.019,-0.0044514071969066205,0.0,null,null,none_ferroelectric
V6PbO11,mp-619128,DEFUSED,0.3643,0.0037,8,0.5440999999999994,0.0589,0.015,0.017475680910220028,-0.02090000000000014,null,null,none_ferroelectric
AlN,mp-661,COMPLETED,0.2974,0.058,8,4.0631,0.2974,0.375,0.06896821839844502,0.7887999999999993,0.11528795999999986,133.00769581069008,none_ferroelectric
NaV6O11,mp-25156,DEFUSED,0.2571,0.0004,8,0.34360000000000035,0.0379,0.005,0.000737180837546746,-0.06669999999999998,null,null,none_ferroelectric
K6BiH3(Cl2F)4,mp-696998,COMPLETED,0.1546,0.0018,8,4.1915000000000004,0.0424,0.012,-0.0015983511609886179,0.018299999999999983,-0.0006491838636364378,0.07480512676425194,ferroelectric
LiIO3,mp-613442,DEFUSED,0.5131,0.037,9,3.7578000000000005,0.4521,0.164,0.22493545181413876,3.6860999999999997,null,null,none_ferroelectric
LiIO3,mp-22955,DEFUSED,0.4819,0.0382,9,3.7228000000000003,0.4306,0.166,0.23154672755626943,3.6522000000000006,null,null,none_ferroelectric
CeCuSn,mp-22683,DEFUSED,0.3136,0.0093,8,0.0034000000000000696,0.1841,0.074,-0.0070919290779414635,-0.0008999999999996788,null,null,none_ferroelectric
YbCuBi,mp-22953,DEFUSED,0.4631,0.0188,8,0.0,0.2717,0.124,-0.034300857218459116,0.0,null,null,none_ferroelectric
YbCuGe,mp-567768,DEFUSED,0.0495,0.0008,8,0.0,0.0297,0.009,-0.0011391441640970883,0.0,null,null,none_ferroelectric
YbCuSb,mp-11701,DEFUSED,0.3876,0.0251,8,0.0,0.2298,0.137,-0.04409723914046954,0.0,null,null,none_ferroelectric
BaNiO3,mp-19241,COMPLETED,0.0449,0.0005,8,1.5124,0.0237,0.005,0.0023765958677496356,0.006299999999999972,0.00023915800000029463,3.7300560914505074,ferroelectric
CsCrCl3,mp-610955,DEFUSED,0.0759,0.0012,8,0.0,0.04,0.011,-0.0002330300415804492,0.0,null,null,none_ferroelectric
Ag3SI,mp-675879,COMPLETED,1.0034,0.0108,151,0.2959999999999998,0.3552,0.163,-0.33978017853837755,-0.02159999999999984,0.002244299000000005,0.6818556184109237,ferroelectric
Ga(MoS2)4,mp-559694,DEFUSED,0.0717,0.0045,56,0.0,0.0154,0.02,-0.2510139403602204,0.03200000000000003,null,null,none_ferroelectric
RbCrCl3,mp-568864,DEFUSED,0.2653,0.0061,7,0.4712000000000003,0.08,0.042,1.0359658209108662,0.30859999999999976,null,null,none_ferroelectric
LiMnO2,mp-775531,DEFUSED,1.3669,0.3838,3,0.98,0.577,6.042,1.0269586706934186,-0.3500999999999994,null,null,none_ferroelectric
Ag3SI,mp-22995,FIZZLED,0.598,0.0061,75,0.5133999999999999,0.3624,0.107,1.907775722810102,-0.08150000000000013,null,null,none_ferroelectric
RbVBr3,mp-29314,DEFUSED,0.2218,0.0021,9,0.625,0.184,0.042,2.015499333771506,0.021399999999999864,null,null,none_ferroelectric
ScFeO3,mp-771123,DEFUSED,0.3664,0.0106,9,0.9497,0.1678,0.066,1.9203227325157004,-0.10829999999999984,null,null,none_ferroelectric
RbMnBr3,mp-568231,DEFUSED,0.4594,0.0046,9,1.2368999999999999,0.344,0.081,2.0014182538822856,0.06450000000000022,null,null,none_ferroelectric
VO2,mp-715553,DEFUSED,1.0041,0.2555,57,0.8512,0.2261,4.019,1.1903737684015165,-0.08610000000000007,null,null,none_ferroelectric
WO3,mp-32662,COMPLETED,0.1258,0.0006,6,1.4794,0.1101,0.012,1.0026136562220893,0.34620000000000006,0.0013545383333335437,21.03220229579895,ferroelectric
WO3,mp-32662,COMPLETED,0.1258,0.0005,6,1.4794,0.1099,0.012,1.000278769039887,0.3492000000000002,0.0013647312499998066,21.032238022596076,ferroelectric
Cs4CO4,mp-562815,COMPLETED,0.2524,0.0078,69,1.598,0.0949,0.053,2.0196293976307302,0.1413000000000002,-0.002841282222222574,1.6948870910735052,ferroelectric
Ni(HO)2,mp-626843,DEFUSED,0.2402,0.0157,161,1.8653,0.1281,0.079,-0.33369618338946094,0.04260000000000019,null,null,none_ferroelectric
BaMnO3,mp-19267,DEFUSED,0.5583,0.0041,9,2.0862,0.4034,0.104,2.0495772716465197,0.14279999999999982,null,null,none_ferroelectric
Ti3(BiO3)4,mp-622198,COMPLETED,0.4257,0.0059,98,1.6116000000000001,0.0994,0.03,1.0487474859761527,0.25150000000000006,0.023300726973683794,11.461587904564475,ferroelectric
K4CO4,mp-545630,COMPLETED,0.3293,0.035,55,1.9490000000000003,0.1186,0.176,2.062178063474157,-0.15890000000000004,-0.0019213318518511713,14.589204277105036,ferroelectric
K3SbS4,mp-9781,COMPLETED,0.63,0.0141,181,2.1681999999999997,0.274,0.13,1.0210137315993044,0.035800000000000054,0.007755045312499931,1.0330545645303657,ferroelectric
Rb4CO4,mp-550314,COMPLETED,0.1074,0.0037,69,1.7222,0.0405,0.017,2.0540242507781175,0.11109999999999998,-0.0005463433333323664,0.5985548903666416,ferroelectric
Na4CO4,mp-552623,COMPLETED,0.1251,0.0061,69,1.9009999999999998,0.0471,0.036,2.022944594956214,0.24020000000000064,-0.0011342107407408264,3.5549349863801454,ferroelectric
LiVF4,mp-764895,COMPLETED,1.4894,0.0774,6,2.3026999999999997,0.6597,0.805,1.0033760886202066,0.1629999999999998,0.048768874166666976,47.754352130544994,none_ferroelectric
Sn3(HO2)2,mp-625789,COMPLETED,1.2619,0.0314,105,2.4655,0.1729,0.086,1.298480882441625,-0.09930000000000039,-0.007729701944443335,1.6084282761572544,ferroelectric
K4CO4,mp-545387,COMPLETED,0.1234,0.0076,69,2.2769000000000004,0.0472,0.04,1.9856326139212304,0.03400000000000025,-0.0010115299999995386,2.5822236415466002,ferroelectric
CsPbCl3,mp-675524,COMPLETED,0.5515,0.0022,183,2.5799,0.1448,0.049,2.9975653047039033,0.22380000000000022,0.007265081500000381,2.258054614951274,ferroelectric
Na4CO4,mp-552941,COMPLETED,1.3447,0.0181,69,2.16,0.4052,0.16,2.2421122495051287,0.43620000000000037,0.15332967296296296,56.23399321271252,none_ferroelectric
Li2FeSiO4,mp-764344,COMPLETED,1.4503,0.0996,16,2.9829000000000003,0.5965,0.374,-0.5182394501818766,-0.03390000000000004,-0.012987942499999683,76.08479924824172,none_ferroelectric
SrTa2Bi2O9,mp-23089,COMPLETED,0.4928,0.0057,103,2.4901999999999997,0.2239,0.082,1.057663609579941,0.49279999999999946,0.0281157076785723,36.88875046191468,ferroelectric
SrTa2Bi2O9,mp-559951,COMPLETED,0.4719,0.0055,98,2.3015,0.1723,0.069,1.0542720041306266,0.3039999999999998,0.018975410535714943,38.27998082011226,ferroelectric
NaHO,mp-626000,COMPLETED,0.1851,0.0078,59,2.9884,0.1166,0.092,-0.5063032952294763,0.18590000000000018,0.0010230133333335445,10.704577613503462,ferroelectric
Li2CoSiO4,mp-764958,DEFUSED,1.4513,0.1093,16,2.9398,0.5951,0.405,-0.5151951857847515,0.13310000000000066,null,null,none_ferroelectric
YScO3,mp-769007,COMPLETED,0.3213,0.0039,9,3.1353,0.1472,0.038,1.9633440050577695,-0.06300000000000017,0.010857856666666166,6.5620255547013295,ferroelectric
ScGaO3,mp-769079,COMPLETED,0.3469,0.0089,9,3.157,0.1563,0.062,1.9563741232212946,0.4718,0.013282816666666086,10.011743469318208,ferroelectric
CsPbF3,mp-20282,COMPLETED,0.3961,0.0081,60,3.3521,0.328,0.071,4.910649822587029,0.41419999999999924,0.004607006333332997,0.6725610342428398,ferroelectric
Li4CO4,mp-550593,COMPLETED,0.126,0.0129,55,4.21,0.056,0.064,2.092827907067164,-0.17849999999999966,0.0033483625925931904,16.64126265357427,ferroelectric
LuGaO3,mp-768505,COMPLETED,0.3028,0.0013,9,2.8871999999999995,0.1462,0.032,2.002124674607148,0.3870999999999998,0.02123250833333401,8.04901898360506,ferroelectric
Rb6Si10O23,mp-555837,COMPLETED,0.5834,0.0067,151,4.2364,0.1304,0.047,0.9457360454395349,0.2023999999999999,0.007748736410255752,0.546235149245207,ferroelectric
LiZr2(PO4)3,mp-681439,COMPLETED,1.2117,0.0077,162,4.222700000000001,0.1009,0.051,-0.31035404324732785,0.10189999999999966,0.0027633176388901504,8.022822529262175,ferroelectric
YMnO3,mp-19385,DEFUSED,0.2817,0.0056,9,0.013100000000000112,0.1439,0.048,1.9868592988977778,null,null,null,none_ferroelectric
YMnO3,mp-19385,DEFUSED,0.2817,0.0054,9,0.013100000000000112,0.1439,0.047,1.9967332658483614,null,null,null,none_ferroelectric
Rb6Si10O23,mp-27376,COMPLETED,0.6683,0.0088,151,4.3301,0.1391,0.046,0.9147937213630544,0.29579999999999984,0.012879794871794914,0.09623742267891017,ferroelectric
MgH2,mp-569051,DEFUSED,0.9478,0.012,196,2.365,0.7112,0.252,0.0048614676011633235,null,null,null,none_ferroelectric
FeBiO3,mp-24932,DEFUSED,0.4764,0.0118,60,1.9013999999999998,0.4487,0.095,5.337454322745693,null,null,null,none_ferroelectric
RbP(HO2)2,mp-23667,COMPLETED,0.2242,0.0112,79,5.246600000000001,0.0965,0.032,1.0538567502255927,-0.17149999999999999,0.005859588906250046,5.44877924437746,ferroelectric
AlBiO3,mvc-3494,COMPLETED,1.2342,0.0307,9,0.7707999999999995,0.4903,0.185,1.7696347783480344,null,0.34763534366666704,4.827182621713455,none_ferroelectric
AlCoO3,mvc-3774,DEFUSED,0.6531,0.0092,9,0.0,0.1757,0.066,2.027597505517408,null,null,null,none_ferroelectric
Li4CO4,mp-550498,COMPLETED,0.1502,0.0131,116,4.7565,0.0488,0.04,-0.005027640638974971,null,-0.001042028888888602,0.07098061838987384,ferroelectric
BaTiO3,mp-5020,COMPLETED,0.1673,0.0062,61,2.5252000000000003,0.077,0.029,2.0935521481736687,null,0.014369390666666426,49.925347349669174,ferroelectric
NiAs,mp-590,DEFUSED,0.0522,0.0004,158,0.0,0.0313,0.009,4.991710157960616,null,null,null,none_ferroelectric
KP(HO2)2,mp-23959,COMPLETED,0.213,0.0039,79,5.4302,0.0936,0.028,1.0356990038157925,-0.17209999999999948,0.004811890312499401,5.198006398163373,ferroelectric
NaNbO3,mp-4681,COMPLETED,0.3999,0.0113,101,2.3575,0.1699,0.143,1.012733576876167,null,0.01503030900000013,53.925184466330485,ferroelectric
KNbO3,mp-7375,COMPLETED,0.1511,0.0048,61,2.3108,0.068,0.023,2.0727592962392065,null,0.012906513333333258,50.74475326201998,ferroelectric
KNbO3,mp-5246,COMPLETED,0.1549,0.009,183,2.0919,0.054,0.08,1.0523750820234572,null,0.012772314999999423,51.34322862455768,ferroelectric
BaVS3,mp-3451,DEFUSED,0.2935,0.0061,158,0.0,0.1154,0.06,0.9950493763542891,null,null,null,none_ferroelectric
Nb2Bi2PbO9,mp-583454,COMPLETED,0.495,0.007,103,2.3162000000000003,0.2377,0.078,1.0718236546092377,null,0.0410943291071435,38.05432040852675,ferroelectric
Ga(MoSe2)4,mp-567394,DEFUSED,0.0632,0.0051,56,0.1997,0.0153,0.022,-0.24928135381659416,null,null,null,none_ferroelectric
BaAl2O4,mp-4202,COMPLETED,0.5439,0.0047,9,4.1059,0.1536,0.047,2.9887917291118096,null,0.0036094010714284863,0.3211707684588515,ferroelectric
BaTiO3,mp-5777,COMPLETED,0.1671,0.0108,183,2.3554999999999997,0.0592,0.095,1.062440240939358,null,0.013891981999998748,49.87601961601516,ferroelectric
Al(MoS2)4,mp-554868,DEFUSED,0.0519,0.0043,56,0.10379999999999967,0.014,0.02,-0.24837658642101335,null,null,null,none_ferroelectric
AlCrO3,mvc-3775,DEFUSED,0.3614,0.0032,9,0.0,0.1098,0.03,1.9811174150432476,null,null,null,none_ferroelectric
Ag3SI,mp-675879,COMPLETED,0.7567,0.0087,217,0.2959999999999998,0.3293,0.146,0.9672532160353791,null,0.041339763999999946,0.6859732938969156,ferroelectric
BaAl2O4,mp-4202,COMPLETED,0.5438,0.0046,9,4.1059,0.1538,0.047,-0.002468008223084129,null,0.0036055619642860748,0.31764153432301506,ferroelectric
LiCrPO4,mp-761391,DEFUSED,1.0567,0.0435,58,2.3641,0.2257,0.256,0.12695472337966765,null,null,null,none_ferroelectric
YFeO3,mvc-3751,DEFUSED,0.2839,0.0012,9,1.2931999999999997,0.145,0.028,1.982255064440543,null,null,null,none_ferroelectric
LiNiPO4,mp-763061,COMPLETED,0.8107,0.0328,30,3.1224,0.3456,0.402,0.03753596077373483,null,-0.06537041785714326,7.19832788216035,none_ferroelectric
LiMnPO4,mp-761562,DEFUSED,0.9955,0.0109,30,3.2817000000000003,0.235,0.155,2.0874508157130482,null,null,null,none_ferroelectric
UPt,mp-542817,DEFUSED,0.2906,0.0417,59,0.0,0.1255,0.12,0.9725187557174969,null,null,null,none_ferroelectric
Ca3Mn2O7,mvc-11576,DEFUSED,0.4298,0.0026,103,0.0,0.2172,0.078,1.0020770199349875,null,null,null,none_ferroelectric
LiP3(WO6)2,mp-763531,COMPLETED,0.7647,0.0032,162,2.5228,0.0609,0.029,-0.32478158353271286,null,0.0017762788888902037,5.060376030952507,none_ferroelectric
Ca3Mn2O7,mvc-11576,FIZZLED,0.326,0.0082,27,0.2947000000000002,0.1517,0.085,-0.00225176480903259,null,null,null,none_ferroelectric
SiO2,mp-555235,COMPLETED,0.6783,0.0183,185,5.503299999999999,0.2286,0.079,0.851931545121255,null,0.008301402083333187,0.06809948784836978,ferroelectric
Mn3B7IO13,mp-31917,DEFUSED,0.4385,0.0028,190,3.7076000000000002,0.0597,0.028,-0.49407632028367743,null,null,null,none_ferroelectric
LiFePO4,mp-762593,COMPLETED,1.0364,0.0186,30,3.4073,0.2811,0.213,2.14788031830729,null,0.01649258238095186,5.176439792871701,none_ferroelectric
Al(MoS2)4,mvc-16083,DEFUSED,0.0519,0.0043,56,0.10379999999999967,0.014,0.02,-0.248376473322319,null,null,null,none_ferroelectric
CaF2,mp-560030,COMPLETED,0.7198,0.0383,97,6.277200000000001,0.5037,0.474,1.0706404458901586,null,0.05776041166666701,16.50766564927619,ferroelectric
YTiO3,mvc-3431,DEFUSED,0.3338,0.0026,9,0.0,0.1557,0.035,1.970223922003356,null,null,null,none_ferroelectric
YMnO3,mvc-16316,DEFUSED,0.2867,0.0048,9,0.012299999999999756,0.1444,0.044,1.9888777167569875,null,null,null,none_ferroelectric
Ca3Mn2O7,mp-19042,DEFUSED,0.4377,0.0025,103,0.0,0.2222,0.074,1.009791843187293,null,null,null,none_ferroelectric
CrO3,mvc-13999,DEFUSED,0.6842,0.0231,9,1.1846,0.4148,0.16,1.8824313591161792,null,null,null,none_ferroelectric
FeO2,mvc-12125,DEFUSED,1.469,0.0036,6,0.0,0.2665,0.047,2.929786461657077,null,null,null,none_ferroelectric
YSnO3,mvc-3464,DEFUSED,0.382,0.0037,9,0.0,0.157,0.038,1.9670323769976692,null,null,null,none_ferroelectric
YSbO3,mvc-3460,COMPLETED,0.4366,0.0056,9,1.4773000000000005,0.1717,0.042,1.938259063217647,null,0.017127253666665787,7.522544888183601,ferroelectric
YBiO3,mvc-3479,COMPLETED,0.6475,0.0038,9,2.0538000000000003,0.2442,0.04,1.9421132089423305,null,0.03495402833333383,9.682941966845387,ferroelectric
BiO2,mvc-9645,DEFUSED,0.4279,0.0116,65,0.0,0.1507,0.086,2.0839906698406967,null,null,null,none_ferroelectric
K2SeO4,mp-557025,COMPLETED,0.3809,0.002,29,3.6536999999999997,0.079,0.033,1.9838122481523872,null,9.971226190508276e-05,0.7152140665582213,ferroelectric
WO3,mvc-13988,DEFUSED,0.431,0.0103,9,0.0,0.3074,0.092,2.05301392144015,null,null,null,none_ferroelectric
YCrO3,mvc-3768,DEFUSED,0.3014,0.002,9,0.0,0.1432,0.028,1.9698214470375546,null,null,null,none_ferroelectric
YMnO3,mvc-16316,DEFUSED,0.2867,0.0046,9,0.012299999999999756,0.1445,0.044,1.998758356198385,null,null,null,none_ferroelectric
YCoO3,mvc-3765,DEFUSED,0.2797,0.0113,9,0.6309,0.1448,0.067,1.9372912105416342,null,null,null,none_ferroelectric
YMoO3,mvc-3769,DEFUSED,0.4687,0.003,9,0.6596000000000002,0.1783,0.038,1.9725380029817257,null,null,null,none_ferroelectric
LiVF6,mp-765122,COMPLETED,1.3904,0.066,192,3.1606,0.6901,0.516,-0.08978689901390041,null,-0.023728989999999506,1.2694665411712924,ferroelectric
YNiO3,mvc-3773,DEFUSED,0.2868,0.0028,9,0.0,0.1339,0.032,2.0341509402146696,null,null,null,none_ferroelectric
CdTe,mp-685146,DEFUSED,0.9046,0.1274,27,0.6115999999999999,0.7249,1.706,0.20394852501786048,null,null,null,none_ferroelectric
LiVPO4,mp-765022,COMPLETED,0.141,0.0002,30,2.667,0.0271,0.009,2.0026326111060384,null,-0.0018021978571436392,0.12686514784298233,none_ferroelectric
LiMnPO4,mp-766735,COMPLETED,0.9414,0.0401,30,3.3669000000000002,0.3929,0.486,0.024951533268977262,null,-0.037352056428570535,5.334982763044047,none_ferroelectric
LiNiPO4,mp-766636,DEFUSED,1.2711,0.0276,30,2.9095000000000004,0.2788,0.358,2.03745014520744,null,null,null,none_ferroelectric
BaTiO3,mp-995191,DEFUSED,0.077,0.0019,85,0.07609999999999983,0.0283,0.017,1.0069075635154077,null,null,null,none_ferroelectric
LiCuPO4,mp-769278,DEFUSED,1.4179,0.0945,59,0.5329999999999999,0.3309,1.182,0.21406650835933927,null,null,null,none_ferroelectric
YWO3,mvc-3772,DEFUSED,0.3659,0.0031,9,0.0,0.1581,0.028,1.9528077679885696,null,null,null,none_ferroelectric
BC2N,mp-629458,DEFUSED,1.2829,0.0049,90,1.8267999999999986,0.5563,0.551,-0.021310141056687323,null,null,null,none_ferroelectric
KP(HO2)2,mp-757909,COMPLETED,0.3568,0.0026,5,5.244199999999999,0.0442,0.035,3.034600201363218,null,0.0025522420312498184,0.5185249526826311,ferroelectric
YVO3,mvc-3770,DEFUSED,0.2782,0.0113,9,1.0520999999999998,0.155,0.071,1.9724074794902233,null,null,null,none_ferroelectric
AlCuO3,mvc-3501,DEFUSED,0.6286,0.0284,9,0.0,0.2437,0.16,1.987858137786703,null,null,null,none_ferroelectric
AlNiO3,mvc-3776,DEFUSED,0.3891,0.0043,9,0.0,0.1249,0.039,1.991881753141618,null,null,null,none_ferroelectric
MnAlO3,mvc-3777,DEFUSED,0.191,0.0022,9,0.0,0.0577,0.018,1.991197003546517,null,null,null,none_ferroelectric
Te2Au,mp-571547,DEFUSED,0.2988,0.0125,5,0.0,0.1136,0.085,1.0875731372366582,null,null,null,none_ferroelectric
AlMoO3,mvc-3779,DEFUSED,1.2616,0.0136,9,0.7427999999999999,0.3516,0.075,1.8052017061736827,null,null,null,none_ferroelectric
SiO2,mp-553881,COMPLETED,1.3357,0.0861,53,3.5967,0.4629,0.304,0.3769910275366457,null,-0.10613918416666657,270.57900269654806,none_ferroelectric
ScBiO3,mp-555313,COMPLETED,0.6496,0.0098,212,2.6986,0.2086,0.118,7.342331004260115,null,0.32388506649999993,5.68098235243882,ferroelectric
AlBiO3,mp-551918,COMPLETED,0.3373,0.0092,60,3.0761000000000003,0.2916,0.06,5.278208122913993,null,0.06790441966666627,80.34163342829821,ferroelectric
InBiO3,mp-556892,COMPLETED,0.7689,0.0144,188,2.7737,0.5488,0.211,3.006163338106631,null,0.46703601950000007,64.74300663016113,ferroelectric
TeO3,mvc-14734,COMPLETED,0.5037,0.0129,9,0.5484,0.3215,0.082,1.8436810194525552,null,0.0017321587500003233,0.0209509554324817,ferroelectric
MoO3,mvc-13534,DEFUSED,0.4546,0.0123,9,0.0,0.3104,0.098,2.0917245746791955,null,null,null,none_ferroelectric
LaWN3,mp-989524,DEFUSED,0.1668,0.0049,6,1.2719000000000005,0.1402,0.025,0.01989431507983326,null,null,null,none_ferroelectric
LiMnSiO4,mp-762828,FIZZLED,0.2179,0.0032,30,0.21740000000000004,0.052,0.028,2.049982217009854,null,null,null,none_ferroelectric
SiO2,mp-555891,COMPLETED,0.2873,0.0085,16,5.3892,0.1185,0.087,-0.4828701050299112,null,-0.00030522583333336684,0.03637374949637734,ferroelectric
LaAl4,mp-571423,DEFUSED,0.0513,0.005,95,0.0,0.0143,0.017,1.9983732316940925,null,null,null,none_ferroelectric
LiNiPO4,mp-868169,COMPLETED,0.0841,0.001,30,3.3644999999999996,0.0139,0.012,1.9953875366136589,null,-0.0006792724999984401,0.20044776182209353,none_ferroelectric
Na4CO4,mp-645295,COMPLETED,0.4366,0.0368,207,1.7161,0.1064,0.285,1.0891448460673046,null,-0.0001885805555561504,12.6433442742676,ferroelectric
OsN,mp-999317,DEFUSED,0.4342,0.0774,185,0.0,0.4108,0.668,-0.544777881699643,null,null,null,none_ferroelectric
Rb4CO4,mp-551176,COMPLETED,0.5974,0.0455,18,1.4061000000000001,0.1965,0.159,0.0007172486846811668,null,-0.0037003300000000294,14.604631763417359,ferroelectric
K2ZnCl4,mp-647575,COMPLETED,0.6739,0.0053,29,4.5069,0.1707,0.07,1.9350323375724225,null,0.012784085833332792,0.4622657957389419,ferroelectric
Rb2ZnCl4,mp-568350,COMPLETED,0.8764,0.0092,29,4.5217,0.2124,0.095,2.080763206179483,null,0.005585320714285302,0.4849157098539263,ferroelectric
Mg3B7ClO13,mp-23087,COMPLETED,0.4768,0.0022,190,5.6888,0.0749,0.023,-0.4944811801035089,null,0.010267656145832582,0.3467107913308894,ferroelectric
NaV6O11,mp-567072,FIZZLED,0.2023,0.0074,158,0.8340999999999998,0.0324,0.011,0.97504578592917,null,null,null,none_ferroelectric
RbCrI3,mp-27442,DEFUSED,0.2951,0.0089,7,0.20940000000000003,0.0913,0.056,1.0627739083793306,null,null,null,none_ferroelectric
RbCuCl3,mp-571305,DEFUSED,0.4945,0.017,189,0.3007,0.1452,0.096,3.179182178131323,null,null,null,none_ferroelectric
Cr3B7ClO13,mp-579770,COMPLETED,0.0913,0.0005,190,2.6835,0.0122,0.006,-0.49986553977536086,null,0.00016486864583331595,1.5612591898703905,none_ferroelectric
Li2CuGe,mp-676117,DEFUSED,0.1528,0.0095,185,0.0,0.0872,0.048,-0.502573013727978,null,null,null,none_ferroelectric
K3Nb3(BO6)2,mp-557711,COMPLETED,0.1729,0.0071,163,2.3772,0.026,0.044,3.0509417705691275,null,0.003976416249999559,0.10184865431626965,ferroelectric
NaHO,mp-625996,FIZZLED,1.3436,0.0417,57,2.9276,0.2571,0.18,-0.5056680502666472,null,null,null,none_ferroelectric
Sm3RuO7,mp-555525,DEFUSED,0.5579,0.0027,30,0.13229999999999986,0.0926,0.037,0.9998518763717653,null,null,null,none_ferroelectric
Sm3OsO7,mp-555639,DEFUSED,0.5663,0.0025,30,0.24520000000000008,0.0951,0.036,0.9992284700447397,null,null,null,none_ferroelectric
Li4CO4,mp-550320,COMPLETED,1.0905,0.1627,116,5.049099999999999,0.3634,0.64,-0.11262164107821446,null,0.014206757222221533,49.00042851674225,none_ferroelectric
Cu2Se,mp-684653,DEFUSED,1.4949,0.1914,185,0.0,0.9046,0.246,-0.47488033856237416,null,null,null,none_ferroelectric
Ag2S,mp-38511,COMPLETED,0.6827,0.078,57,0.12130000000000019,0.4403,0.23,-0.46701026315343,null,0.04539725000000017,50.21930756230525,none_ferroelectric
K2ZnCl4,mp-653633,FIZZLED,0.9071,0.004,53,null,0.0701,0.042,10.969357908806911,null,null,null,none_ferroelectric
Mn3B7BrO13,mp-579836,DEFUSED,0.4857,0.0022,190,3.9496999999999995,0.0716,0.023,-0.49455487593343483,null,null,null,none_ferroelectric
Gd3RuO7,mp-683963,FIZZLED,0.5629,0.0022,30,0.1496000000000004,0.0908,0.03,0.9882785395357011,null,null,null,none_ferroelectric
SnP,mp-7526,DEFUSED,0.2077,0.0289,118,0.0,0.1469,0.17,-0.4790369440247814,null,null,null,none_ferroelectric
BaVSe3,mp-676597,DEFUSED,0.3169,0.0077,158,0.0,0.1269,0.067,0.9776896608842175,null,null,null,none_ferroelectric
H(CO)2,mp-675395,COMPLETED,0.2701,0.0087,5,2.8299,0.0136,0.02,0.9195093750304419,null,-0.0027453590000003913,3.449271702571696,ferroelectric
Rb4CO4,mp-551690,COMPLETED,1.0374,0.0845,55,0.3569,0.4315,0.536,2.176998475137069,null,-0.024269467037036918,42.784646385107585,ferroelectric
LiMnPO4,mp-690866,DEFUSED,1.4929,0.0804,58,3.4165,0.3793,1.208,0.08230844271109795,null,null,null,none_ferroelectric
Ag2S,mp-560025,COMPLETED,0.5306,0.0743,7,0.4022000000000001,0.3529,0.173,0.007333341991512209,null,-0.07614606000000013,21.05775061029651,ferroelectric
TlCoCl3,mp-567430,DEFUSED,0.2844,0.0023,9,0.0,0.2064,0.042,2.0359518291174172,null,null,null,none_ferroelectric
Ag2S,mp-560025,COMPLETED,0.7973,0.0476,60,0.4022000000000001,0.431,0.22,-0.458217120980759,null,0.0027787150000002647,17.61860727841218,none_ferroelectric
Ag2S,mp-560025,COMPLETED,1.1656,0.0758,59,0.4022000000000001,0.774,0.308,-0.4990867146993614,null,-0.07675802166666656,60.845330931940524,none_ferroelectric
Gd3OsO7,mp-567291,FIZZLED,0.9272,0.0015,30,0.2708999999999997,0.2451,0.076,0.9897268145156078,null,null,null,none_ferroelectric
BaLaCl5,mp-770427,COMPLETED,1.2576,0.0368,58,3.9835000000000003,0.3001,0.245,0.06293415053317228,null,0.013639648928571724,26.12339745251503,ferroelectric
Li2VH2OF5,mp-868263,COMPLETED,1.1264,0.0437,14,2.5014,0.1624,0.142,-0.4826962161706652,null,0.004941548636364423,10.278739234561337,none_ferroelectric
AlAgO3,mvc-3476,DEFUSED,0.9867,0.0258,9,0.04759999999999964,0.395,0.176,1.951180485711034,null,null,null,none_ferroelectric
NaAlH2CO5,mp-699136,COMPLETED,0.0615,0.0078,28,5.0381,0.0188,0.012,-0.015184155657309545,null,-0.0006389840000000646,0.7596517502289917,ferroelectric
TiAlO3,mvc-3466,DEFUSED,0.3856,0.0018,9,0.0,0.1105,0.02,1.9732977672494418,null,null,null,none_ferroelectric
BeH8(NF2)2,mp-24614,COMPLETED,0.4777,0.0106,29,6.645300000000001,0.1083,0.086,1.0326500322122758,null,0.00960308925000053,0.5830009816446601,ferroelectric
Al(HO)3,mp-625318,COMPLETED,1.4702,0.0398,1,5.0492,0.2083,0.175,-0.00020143534626284834,null,0.004201550714285851,11.48091248542711,none_ferroelectric
H5NO2,mp-625109,DEFUSED,0.9111,0.0442,7,1.7042000000000002,0.1668,0.267,-0.014809902980806635,null,null,null,none_ferroelectric
CsGeBr3,mp-642739,COMPLETED,0.2863,0.0184,213,1.7364000000000002,0.1042,0.033,1.1687490364693545,null,0.01501727800000019,19.251077930008076,ferroelectric
H2SO4,mp-625475,COMPLETED,0.8843,0.0282,10,6.1419,0.1972,0.135,0.012875608648061683,null,-0.002622926785715407,20.397519537920598,ferroelectric
BeH8(NF2)2,mp-24614,COMPLETED,0.4933,0.0059,29,6.645300000000001,0.1108,0.071,1.0360695916455567,null,0.010331823749999636,0.582973996959267,ferroelectric
LiMnPO4,mp-765846,COMPLETED,1.061,0.0787,54,3.2855,0.4139,0.883,0.235016154868074,null,-0.005198912142856393,33.852788417678696,none_ferroelectric
K4CO4,mp-551561,COMPLETED,1.0415,0.2031,116,1.9954,0.362,0.843,-0.17732335755124803,null,-0.0053267138888895005,16.64082514661696,ferroelectric
W3O8,mp-715557,DEFUSED,1.3889,0.0213,57,0.8525999999999998,0.1744,0.214,1.009088807449804,null,null,null,none_ferroelectric
VF5,mp-765140,COMPLETED,1.3474,0.0893,6,2.7645,0.64,1.006,-0.0269864768126319,null,0.0025772525000000712,1.0339554127327015,ferroelectric
CuN,mvc-13841,DEFUSED,1.3452,0.0862,185,0.0,1.0463,0.451,0.6970948670564984,null,null,null,none_ferroelectric
VF5,mp-766786,COMPLETED,1.0027,0.0336,6,3.2607,0.4083,0.247,0.04827823733384829,null,0.022939849583332617,29.721873545777612,ferroelectric
CeCu4Sn,mp-640286,DEFUSED,1.2185,0.0717,15,0.0,0.4193,0.913,-0.08653210154973909,null,null,null,none_ferroelectric
CoN,mvc-15478,DEFUSED,1.2772,0.0844,185,0.0,0.9941,0.278,0.6804520444250239,null,null,null,none_ferroelectric
CrO3,mvc-13134,COMPLETED,1.2087,0.1528,58,1.3282,0.4437,0.409,-0.267497991608766,null,-0.10287231062500002,78.16601503458497,none_ferroelectric
Rb4CO4,mp-551176,COMPLETED,1.1536,0.2125,116,1.4061000000000001,0.4002,0.826,-0.16275421878187668,null,-0.0014617505555554189,14.604597739975222,ferroelectric
Ti3(BiO3)4,mp-23427,COMPLETED,0.5337,0.0072,98,2.4387999999999996,0.2203,0.082,1.066536752585065,null,0.06262956302631562,17.0445669283368,ferroelectric
Li2Mn(SiO3)2,mp-764791,COMPLETED,0.8233,0.01,6,3.4684,0.1318,0.045,0.0009996598095469488,null,0.004695078181817358,4.926339543347873,none_ferroelectric
Co(SiO3)2,mvc-12012,DEFUSED,0.1931,0.0109,10,0.4518,0.0561,0.051,0.05203495439604124,null,null,null,none_ferroelectric
CaFeWO6,mvc-10916,DEFUSED,0.052,0.0006,208,0.0,0.015,0.008,-0.4984470942790242,null,null,null,none_ferroelectric
HCl,mp-684609,COMPLETED,0.4453,0.1294,95,5.1846,0.3149,1.739,0.19973280268496466,null,0.2731440825,57.36670932836769,none_ferroelectric
MnN,mvc-13808,DEFUSED,1.4806,0.209,210,0.0,0.4478,3.067,-0.49155596778458643,null,null,null,none_ferroelectric
Zn(FeO2)2,mvc-12661,DEFUSED,0.1195,0.007,56,1.6313999999999997,0.0126,0.012,0.003469578636521125,null,null,null,none_ferroelectric
Ca(NiO2)2,mvc-12644,DEFUSED,0.8774,0.0498,4,0.0,0.1251,0.341,0.07460006881950881,null,null,null,none_ferroelectric
Co(SiO3)2,mvc-15005,DEFUSED,0.1931,0.0109,10,0.4518,0.0561,0.051,0.05203495439604124,null,null,null,none_ferroelectric
Ca(FeO2)2,mvc-12582,DEFUSED,0.5937,0.0364,4,1.5484,0.089,0.18,0.07102341868053902,null,null,null,none_ferroelectric
Na4CO4,mp-13274,COMPLETED,1.1298,0.1715,116,2.1832000000000003,0.3939,0.509,-0.11719093363769593,null,0.009586423888888973,39.17353161225924,none_ferroelectric
Ca(FeO2)2,mvc-12583,DEFUSED,0.6406,0.0375,4,1.5486,0.0937,0.191,0.06965945182726728,null,null,null,none_ferroelectric
NaIO3,mp-559252,DEFUSED,1.3076,0.1457,32,3.3291999999999997,0.8649,2.458,0.923866610478693,null,null,null,none_ferroelectric
Li2CoBO4,mp-761299,COMPLETED,1.4733,0.0935,29,1.4138,0.8161,0.292,-0.016578124709296396,null,0.03344703531250026,5.29821806542083,none_ferroelectric
Li2CuF4,mp-753171,DEFUSED,1.4627,0.0656,57,0.6014999999999999,0.5523,0.788,-0.47499426631488745,null,null,null,none_ferroelectric
Ca2FeWO6,mvc-12913,DEFUSED,0.5617,0.0087,20,2.3764,0.2394,0.128,0.01302560141040517,null,null,null,none_ferroelectric
FeBiO3,mp-601706,FIZZLED,0.4272,0.0033,75,1.9081000000000001,0.1964,0.091,5.024835438852164,null,null,null,none_ferroelectric
Tb6Cs2Te7N2,mp-646007,COMPLETED,0.0825,0.0009,4,0.7693000000000003,0.0094,0.005,0.0043236840371686765,null,0.00030309676470618996,0.22373717036077084,ferroelectric
NaN3,mp-634410,COMPLETED,1.4232,0.1009,7,4.1107,0.6492,0.799,-0.16421795174456658,null,-0.012513150000000195,51.82285801829738,ferroelectric
LiFeSiO4,mp-766664,COMPLETED,0.1254,0.0019,30,1.6675,0.0173,0.018,1.986987220508856,null,-0.0006713833333336083,0.6414666031334185,none_ferroelectric
HCl,mp-632326,COMPLETED,1.2785,0.2169,103,5.852600000000001,1.0927,1.031,1.1592891094365383,null,0.32573095374999994,33.5543038076706,none_ferroelectric
CdCl2,mp-632403,COMPLETED,0.9428,0.141,7,3.1205,0.6356,0.826,0.08281013649641596,null,-0.04567611333333366,48.39523800048104,none_ferroelectric
RbPbF3,mp-674508,COMPLETED,0.7105,0.015,212,3.7838,0.3338,0.13,2.7987540792523666,null,0.03366350649999994,3.988577396071208,ferroelectric
V2O3,mp-553955,DEFUSED,0.9256,0.0187,158,0.9743,0.4224,0.131,-0.2648709806847685,null,null,null,none_ferroelectric
Zn(NO3)2,mp-778973,COMPLETED,1.1104,0.0101,176,3.2721,0.2223,0.079,0.908320472337737,null,-0.003834907499999929,1.1171410248576845,ferroelectric
MoO3,mp-715584,COMPLETED,0.6127,0.0225,55,1.9247,0.1917,0.265,0.04796315172274212,null,0.0635314337499997,4.668462043393284,ferroelectric
Sr(H2O3)2,mp-625871,COMPLETED,1.4339,0.0347,6,0.5464,0.3255,0.16,0.0711043745008341,null,-0.07073189454545492,9.35120526466932,none_ferroelectric
Mg(NO3)2,mp-776410,COMPLETED,1.1855,0.0091,176,3.5469999999999997,0.2375,0.068,0.9352416027380562,null,-0.00931574541666702,0.7350026782496014,ferroelectric
